name,value,date
湖北,41,1月11日
湖北,41,1月12日
湖北,41,1月13日
湖北,41,1月14日
湖北,41,1月15日
湖北,41,1月16日
湖北,41,1月17日
湖北,45,1月18日
湖北,62,1月19日
湖北,198,1月20日
湖北,270,1月21日
湖北,444,1月22日
湖北,444,1月23日
湖北,549,1月24日
湖北,760,1月25日
湖北,1052,1月26日
湖北,1423,1月27日
湖北,2714,1月28日
湖北,3554,1月29日
湖北,4586,1月30日
湖北,5806,1月31日
湖北,7153,2月1日
湖北,9074,2月2日
湖北,11177,2月3日
湖北,13522,2月4日
湖北,16678,2月5日
湖北,19665,2月6日
湖北,22112,2月7日
湖北,24953,2月8日
湖北,27100,2月9日
湖北,29658,2月10日
湖北,31755,2月11日
湖北,33393,2月12日
湖北,48233,2月13日
湖北,52039,2月14日
湖北,54459,2月15日
湖北,56307,2月16日
湖北,58251,2月17日
湖北,60076,2月18日
湖北,61822,2月19日
湖北,62876,2月20日
湖北,63507,2月21日
湖北,63873,2月22日
湖北,64503,2月23日
湖北,64901,2月24日
湖北,65400,2月25日
湖北,65801,2月26日
湖北,66210,2月27日
湖北,66528,2月28日
湖北,66951,2月29日
湖北,67521,3月1日
湖北,67717,3月2日
湖北,67831,3月3日
湖北,67946,3月4日
湖北,68080,3月5日
湖北,68206,3月6日
湖北,68280,3月7日
湖北,68321,3月8日
湖北,68357,3月9日
湖北,68374,3月10日
湖北,68387,3月11日
湖北,68395,3月12日
湖北,68400,3月13日
湖北,68404,3月14日
湖北,68408,3月15日
湖北,68412,3月16日
湖北,68413,3月17日
湖北,68414,3月18日
湖北,68414,3月19日
湖北,68414,3月20日
湖北,68414,3月21日
湖北,68414,3月22日
湖北,68414,3月23日
湖北,68415,3月24日
湖北,68415,3月25日
湖北,68415,3月26日
湖北,68415,3月27日
泰国,2,1月17日
泰国,4,1月22日
泰国,5,1月24日
泰国,6,1月25日
泰国,7,1月26日
泰国,8,1月27日
泰国,14,1月28日
泰国,19,1月31日
泰国,25,2月4日
泰国,32,2月8日
泰国,33,2月11日
泰国,34,2月16日
泰国,35,2月17日
泰国,37,2月25日
泰国,40,2月26日
泰国,41,2月28日
泰国,42,2月29日
泰国,42,3月1日
泰国,43,3月2日
泰国,47,3月5日
泰国,48,3月6日
泰国,50,3月7日
泰国,53,3月10日
泰国,59,3月11日
泰国,70,3月12日
泰国,75,3月13日
泰国,82,3月14日
泰国,114,3月15日
泰国,147,3月16日
泰国,177,3月17日
泰国,212,3月18日
泰国,272,3月19日
泰国,322,3月20日
泰国,599,3月22日
泰国,721,3月23日
泰国,827,3月24日
泰国,934,3月25日
泰国,1045,3月26日
泰国,1136,3月27日
日本,1,1月18日
日本,2,1月24日
日本,3,1月25日
日本,4,1月26日
日本,7,1月28日
日本,8,1月29日
日本,13,1月30日
日本,17,1月31日
日本,20,2月2日
日本,33,2月5日
日本,33,2月6日
日本,34,2月9日
日本,36,2月12日
日本,37,2月13日
日本,41,2月14日
日本,49,2月15日
日本,61,2月16日
日本,67,2月17日
日本,73,2月18日
日本,81,2月19日
日本,93,2月20日
日本,101,2月21日
日本,113,2月22日
日本,140,2月23日
日本,152,2月24日
日本,165,2月25日
日本,210,2月27日
日本,236,2月28日
日本,248,2月29日
日本,264,3月1日
日本,282,3月2日
日本,287,3月3日
日本,339,3月5日
日本,368,3月6日
日本,435,3月7日
日本,502,3月8日
日本,522,3月9日
日本,559,3月10日
日本,698,3月12日
日本,739,3月13日
日本,794,3月14日
日本,826,3月15日
日本,843,3月16日
日本,888,3月17日
日本,927,3月18日
日本,964,3月19日
日本,1024,3月20日
日本,1026,3月21日
日本,1068,3月22日
日本,1127,3月23日
日本,1148,3月24日
日本,1285,3月25日
日本,1406,3月26日
日本,1511,3月27日
北京,5,1月20日
北京,10,1月21日
北京,14,1月22日
北京,22,1月23日
北京,36,1月24日
北京,39,1月25日
北京,67,1月26日
北京,80,1月27日
北京,91,1月28日
北京,111,1月29日
北京,114,1月30日
北京,139,1月31日
北京,168,2月1日
北京,188,2月2日
北京,215,2月3日
北京,231,2月4日
北京,256,2月5日
北京,277,2月6日
北京,300,2月7日
北京,317,2月8日
北京,329,2月9日
北京,340,2月10日
北京,345,2月11日
北京,356,2月12日
北京,370,2月13日
北京,376,2月14日
北京,379,2月15日
北京,384,2月16日
北京,385,2月17日
北京,391,2月18日
北京,397,2月19日
北京,399,2月20日
北京,400,2月21日
北京,403,2月22日
北京,403,2月23日
北京,403,2月24日
北京,405,2月25日
北京,405,2月26日
北京,415,2月27日
北京,415,2月28日
北京,416,2月29日
北京,418,3月1日
北京,419,3月2日
北京,419,3月3日
北京,422,3月4日
北京,423,3月5日
北京,427,3月6日
北京,431,3月7日
北京,433,3月8日
北京,433,3月9日
北京,434,3月10日
北京,440,3月11日
北京,440,3月12日
北京,441,3月13日
北京,442,3月14日
北京,447,3月15日
北京,457,3月16日
北京,461,3月17日
北京,474,3月18日
北京,485,3月19日
北京,496,3月20日
北京,509,3月21日
北京,519,3月22日
北京,542,3月23日
北京,559,3月24日
北京,564,3月25日
北京,570,3月26日
北京,573,3月27日
广东,14,1月20日
广东,17,1月21日
广东,26,1月22日
广东,32,1月23日
广东,53,1月24日
广东,78,1月25日
广东,98,1月26日
广东,151,1月27日
广东,188,1月28日
广东,241,1月29日
广东,311,1月30日
广东,412,1月31日
广东,520,2月1日
广东,604,2月2日
广东,725,2月3日
广东,797,2月4日
广东,870,2月5日
广东,944,2月6日
广东,1035,2月7日
广东,1095,2月8日
广东,1131,2月9日
广东,1151,2月10日
广东,1177,2月11日
广东,1219,2月12日
广东,1241,2月13日
广东,1261,2月14日
广东,1294,2月15日
广东,1316,2月16日
广东,1322,2月17日
广东,1328,2月18日
广东,1331,2月19日
广东,1332,2月20日
广东,1333,2月21日
广东,1339,2月22日
广东,1342,2月23日
广东,1345,2月24日
广东,1347,2月25日
广东,1347,2月26日
广东,1347,2月27日
广东,1348,2月28日
广东,1349,2月29日
广东,1350,3月1日
广东,1350,3月2日
广东,1350,3月3日
广东,1350,3月4日
广东,1351,3月5日
广东,1352,3月6日
广东,1352,3月7日
广东,1352,3月8日
广东,1352,3月9日
广东,1353,3月10日
广东,1356,3月11日
广东,1356,3月12日
广东,1356,3月13日
广东,1356,3月14日
广东,1357,3月15日
广东,1361,3月16日
广东,1364,3月17日
广东,1369,3月18日
广东,1378,3月19日
广东,1392,3月20日
广东,1399,3月21日
广东,1407,3月22日
广东,1413,3月23日
广东,1428,3月24日
广东,1433,3月25日
广东,1444,3月26日
上海,1,1月20日
上海,6,1月21日
上海,9,1月22日
上海,16,1月23日
上海,20,1月24日
上海,33,1月25日
上海,40,1月26日
上海,53,1月27日
上海,66,1月28日
上海,96,1月29日
上海,112,1月30日
上海,135,1月31日
上海,169,2月1日
上海,182,2月2日
上海,203,2月3日
上海,219,2月4日
上海,243,2月5日
上海,257,2月6日
上海,277,2月7日
上海,286,2月8日
上海,292,2月9日
上海,299,2月10日
上海,303,2月11日
上海,311,2月12日
上海,315,2月13日
上海,318,2月14日
上海,326,2月15日
上海,328,2月16日
上海,332,2月17日
上海,333,2月18日
上海,333,2月19日
上海,334,2月20日
上海,334,2月21日
上海,335,2月22日
上海,335,2月23日
上海,335,2月24日
上海,336,2月25日
上海,336,2月26日
上海,337,2月27日
上海,337,2月28日
上海,337,2月29日
上海,337,3月1日
上海,337,3月2日
上海,338,3月3日
上海,338,3月4日
上海,339,3月5日
上海,342,3月6日
上海,342,3月7日
上海,342,3月8日
上海,344,3月10日
上海,344,3月11日
上海,344,3月12日
上海,346,3月13日
上海,352,3月14日
上海,353,3月15日
上海,355,3月16日
上海,358,3月17日
上海,361,3月18日
上海,363,3月19日
上海,371,3月20日
上海,380,3月21日
上海,394,3月22日
上海,404,3月23日
上海,414,3月24日
上海,433,3月25日
上海,451,3月26日
四川,0,1月20日
四川,1,1月21日
四川,5,1月22日
四川,8,1月23日
四川,15,1月24日
四川,28,1月25日
四川,44,1月26日
四川,69,1月27日
四川,90,1月28日
四川,108,1月29日
四川,141,1月30日
四川,176,1月31日
四川,207,2月1日
四川,231,2月2日
四川,254,2月3日
四川,282,2月4日
四川,301,2月5日
四川,321,2月6日
四川,344,2月7日
四川,363,2月8日
四川,386,2月9日
四川,405,2月10日
四川,417,2月11日
四川,436,2月12日
四川,451,2月13日
四川,463,2月14日
四川,470,2月15日
四川,481,2月16日
四川,495,2月17日
四川,508,2月18日
四川,514,2月19日
四川,520,2月20日
四川,525,2月21日
四川,526,2月22日
四川,526,2月23日
四川,527,2月24日
四川,529,2月25日
四川,531,2月26日
四川,534,2月27日
四川,538,2月28日
四川,538,2月29日
四川,538,3月1日
四川,538,3月2日
四川,538,3月3日
四川,538,3月4日
四川,539,3月5日
四川,539,3月6日
四川,539,3月7日
四川,539,3月8日
四川,539,3月9日
四川,539,3月10日
四川,539,3月11日
四川,539,3月12日
四川,539,3月13日
四川,539,3月14日
四川,539,3月15日
四川,539,3月16日
四川,539,3月17日
四川,540,3月18日
四川,540,3月19日
四川,541,3月20日
四川,542,3月21日
四川,543,3月22日
四川,545,3月24日
四川,547,3月25日
四川,548,3月27日
韩国,1,1月21日
韩国,2,1月24日
韩国,3,1月26日
韩国,4,1月27日
韩国,6,1月30日
韩国,11,1月31日
韩国,12,2月1日
韩国,15,2月2日
韩国,16,2月4日
韩国,19,2月5日
韩国,23,2月6日
韩国,24,2月7日
韩国,27,2月9日
韩国,28,2月11日
韩国,29,2月16日
韩国,31,2月18日
韩国,51,2月19日
韩国,104,2月20日
韩国,204,2月21日
韩国,433,2月22日
韩国,602,2月23日
韩国,833,2月24日
韩国,977,2月25日
韩国,1261,2月26日
韩国,1766,2月27日
韩国,2337,2月28日
韩国,3150,2月29日
韩国,3736,3月1日
韩国,4335,3月2日
韩国,5186,3月3日
韩国,5621,3月4日
韩国,6088,3月5日
韩国,6593,3月6日
韩国,7041,3月7日
韩国,7313,3月8日
韩国,7382,3月9日
韩国,7513,3月10日
韩国,7755,3月11日
韩国,7869,3月12日
韩国,7979,3月13日
韩国,8086,3月14日
韩国,8162,3月15日
韩国,8236,3月16日
韩国,8413,3月18日
韩国,8565,3月19日
韩国,8652,3月20日
韩国,8799,3月21日
韩国,8897,3月22日
韩国,8961,3月23日
韩国,9037,3月24日
韩国,9137,3月25日
韩国,9241,3月26日
河南,1,1月21日
河南,5,1月22日
河南,9,1月24日
河南,31,1月25日
河南,83,1月26日
河南,128,1月27日
河南,168,1月28日
河南,206,1月29日
河南,278,1月30日
河南,352,1月31日
河南,422,2月1日
河南,493,2月2日
河南,566,2月3日
河南,675,2月4日
河南,764,2月5日
河南,851,2月6日
河南,914,2月7日
河南,981,2月8日
河南,1034,2月9日
河南,1074,2月10日
河南,1106,2月11日
河南,1136,2月12日
河南,1169,2月13日
河南,1184,2月14日
河南,1212,2月15日
河南,1231,2月16日
河南,1246,2月17日
河南,1257,2月18日
河南,1262,2月19日
河南,1265,2月20日
河南,1267,2月21日
河南,1270,2月22日
河南,1271,2月23日
河南,1271,2月24日
河南,1271,2月25日
河南,1271,2月26日
河南,1272,2月27日
河南,1272,2月28日
河南,1272,2月29日
河南,1272,3月1日
河南,1272,3月2日
河南,1272,3月3日
河南,1272,3月4日
河南,1272,3月5日
河南,1272,3月6日
河南,1272,3月7日
河南,1272,3月8日
河南,1272,3月9日
河南,1272,3月10日
河南,1272,3月11日
河南,1273,3月12日
河南,1273,3月14日
河南,1274,3月23日
河南,1275,3月26日
黑龙江,0,1月21日
黑龙江,2,1月23日
黑龙江,4,1月24日
黑龙江,9,1月25日
黑龙江,15,1月26日
黑龙江,21,1月27日
黑龙江,33,1月28日
黑龙江,39,1月29日
黑龙江,43,1月30日
黑龙江,59,1月31日
黑龙江,80,2月1日
黑龙江,95,2月2日
黑龙江,121,2月3日
黑龙江,155,2月4日
黑龙江,190,2月5日
黑龙江,227,2月6日
黑龙江,277,2月7日
黑龙江,295,2月8日
黑龙江,317,2月9日
黑龙江,341,2月10日
黑龙江,370,2月11日
黑龙江,388,2月12日
黑龙江,405,2月13日
黑龙江,429,2月14日
黑龙江,435,2月15日
黑龙江,455,2月16日
黑龙江,467,2月17日
黑龙江,474,2月18日
黑龙江,480,2月19日
黑龙江,486,2月20日
黑龙江,489,2月21日
黑龙江,489,2月22日
黑龙江,490,2月23日
黑龙江,490,2月24日
黑龙江,490,2月25日
黑龙江,490,2月26日
黑龙江,490,2月27日
黑龙江,490,2月28日
黑龙江,490,2月29日
黑龙江,490,3月1日
黑龙江,490,3月2日
黑龙江,490,3月3日
黑龙江,490,3月4日
黑龙江,491,3月5日
黑龙江,491,3月6日
黑龙江,491,3月7日
黑龙江,491,3月8日
黑龙江,491,3月9日
黑龙江,491,3月10日
黑龙江,492,3月11日
黑龙江,492,3月12日
黑龙江,492,3月13日
黑龙江,492,3月14日
黑龙江,492,3月15日
黑龙江,492,3月16日
黑龙江,492,3月17日
黑龙江,492,3月18日
黑龙江,493,3月19日
黑龙江,494,3月20日
黑龙江,494,3月22日
黑龙江,494,3月24日
黑龙江,494,3月26日
山东,1,1月21日
山东,2,1月22日
山东,6,1月23日
山东,15,1月24日
山东,27,1月25日
山东,46,1月26日
山东,75,1月27日
山东,95,1月28日
山东,130,1月29日
山东,158,1月30日
山东,184,1月31日
山东,206,2月1日
山东,230,2月2日
山东,259,2月3日
山东,275,2月4日
山东,307,2月5日
山东,347,2月6日
山东,386,2月7日
山东,416,2月8日
山东,444,2月9日
山东,466,2月10日
山东,487,2月11日
山东,497,2月12日
山东,509,2月13日
山东,523,2月14日
山东,532,2月15日
山东,537,2月16日
山东,541,2月17日
山东,543,2月18日
山东,544,2月19日
山东,546,2月20日
山东,749,2月21日
山东,750,2月22日
山东,754,2月23日
山东,755,2月24日
山东,756,2月25日
山东,756,2月26日
山东,756,2月27日
山东,756,2月28日
山东,756,2月29日
山东,758,3月1日
山东,758,3月2日
山东,758,3月3日
山东,758,3月5日
山东,758,3月6日
山东,758,3月7日
山东,758,3月8日
山东,758,3月9日
山东,758,3月10日
山东,760,3月11日
山东,760,3月12日
山东,760,3月13日
山东,760,3月14日
山东,760,3月16日
山东,761,3月17日
山东,761,3月19日
山东,762,3月20日
山东,764,3月21日
山东,766,3月22日
山东,768,3月23日
山东,769,3月25日
台湾,1,1月21日
台湾,3,1月24日
台湾,4,1月26日
台湾,5,1月27日
台湾,8,1月28日
台湾,9,1月30日
台湾,10,1月31日
台湾,11,2月4日
台湾,16,2月6日
台湾,17,2月8日
台湾,18,2月9日
台湾,18,2月15日
台湾,20,2月16日
台湾,22,2月17日
台湾,23,2月19日
台湾,24,2月20日
台湾,26,2月21日
台湾,28,2月23日
台湾,30,2月24日
台湾,31,2月25日
台湾,32,2月26日
台湾,34,2月28日
台湾,39,2月29日
台湾,40,3月1日
台湾,40,3月2日
台湾,42,3月3日
台湾,44,3月5日
台湾,45,3月6日
台湾,45,3月8日
台湾,45,3月9日
台湾,47,3月10日
台湾,48,3月11日
台湾,49,3月12日
台湾,49,3月13日
台湾,53,3月14日
台湾,59,3月15日
台湾,67,3月16日
台湾,77,3月17日
台湾,100,3月18日
台湾,135,3月20日
台湾,153,3月21日
台湾,169,3月22日
台湾,195,3月23日
台湾,195,3月24日
台湾,216,3月25日
台湾,235,3月26日
天津,2,1月21日
天津,4,1月22日
天津,8,1月24日
天津,10,1月25日
天津,22,1月27日
天津,24,1月28日
天津,27,1月29日
天津,32,1月31日
天津,41,2月1日
天津,41,2月2日
天津,60,2月3日
天津,67,2月4日
天津,69,2月5日
天津,78,2月6日
天津,81,2月7日
天津,88,2月8日
天津,91,2月9日
天津,91,2月10日
天津,105,2月11日
天津,112,2月12日
天津,117,2月13日
天津,118,2月14日
天津,122,2月15日
天津,124,2月16日
天津,125,2月17日
天津,128,2月18日
天津,131,2月20日
天津,132,2月21日
天津,135,2月22日
天津,135,2月23日
天津,135,2月24日
天津,135,2月25日
天津,135,2月27日
天津,136,2月28日
天津,136,2月29日
天津,136,3月1日
天津,136,3月2日
天津,136,3月3日
天津,136,3月4日
天津,136,3月6日
天津,136,3月8日
天津,136,3月9日
天津,136,3月10日
天津,136,3月11日
天津,136,3月16日
天津,137,3月20日
天津,141,3月23日
天津,146,3月25日
天津,147,3月26日
香港,0,1月21日
香港,2,1月23日
香港,5,1月24日
香港,6,1月26日
香港,8,1月27日
香港,10,1月29日
香港,12,1月31日
香港,13,2月1日
香港,14,2月2日
香港,15,2月3日
香港,17,2月4日
香港,21,2月5日
香港,25,2月7日
香港,26,2月8日
香港,29,2月9日
香港,38,2月10日
香港,49,2月11日
香港,50,2月12日
香港,53,2月13日
香港,56,2月14日
香港,57,2月16日
香港,58,2月17日
香港,61,2月18日
香港,62,2月19日
香港,67,2月20日
香港,68,2月21日
香港,69,2月22日
香港,74,2月23日
香港,79,2月24日
香港,81,2月25日
香港,89,2月26日
香港,91,2月27日
香港,94,2月28日
香港,94,2月29日
香港,95,3月1日
香港,98,3月2日
香港,100,3月3日
香港,102,3月4日
香港,104,3月5日
香港,106,3月6日
香港,108,3月7日
香港,114,3月8日
香港,115,3月9日
香港,119,3月10日
香港,129,3月11日
香港,130,3月12日
香港,131,3月13日
香港,140,3月14日
香港,145,3月15日
香港,155,3月16日
香港,157,3月17日
香港,168,3月18日
香港,192,3月19日
香港,208,3月20日
香港,256,3月21日
香港,273,3月22日
香港,317,3月23日
香港,356,3月24日
香港,386,3月25日
香港,453,3月26日
云南,1,1月21日
云南,5,1月24日
云南,11,1月25日
云南,26,1月27日
云南,44,1月28日
云南,55,1月29日
云南,70,1月30日
云南,80,1月31日
云南,93,2月1日
云南,105,2月2日
云南,114,2月3日
云南,119,2月4日
云南,124,2月5日
云南,133,2月6日
云南,136,2月7日
云南,138,2月8日
云南,141,2月9日
云南,149,2月10日
云南,153,2月11日
云南,154,2月12日
云南,156,2月13日
云南,162,2月14日
云南,168,2月15日
云南,171,2月16日
云南,171,2月17日
云南,172,2月18日
云南,173,2月19日
云南,174,2月20日
云南,175,2月21日
云南,175,2月22日
云南,175,2月23日
云南,175,2月24日
云南,175,2月25日
云南,175,2月26日
云南,175,2月27日
云南,175,2月29日
云南,175,3月1日
云南,175,3月2日
云南,175,3月3日
云南,175,3月6日
云南,175,3月14日
云南,175,3月15日
云南,176,3月16日
云南,177,3月17日
云南,179,3月26日
浙江,5,1月21日
浙江,10,1月22日
浙江,27,1月23日
浙江,43,1月24日
浙江,62,1月25日
浙江,104,1月26日
浙江,128,1月27日
浙江,173,1月28日
浙江,296,1月29日
浙江,428,1月30日
浙江,537,1月31日
浙江,599,2月1日
浙江,661,2月2日
浙江,724,2月3日
浙江,829,2月4日
浙江,895,2月5日
浙江,954,2月6日
浙江,1006,2月7日
浙江,1048,2月8日
浙江,1075,2月9日
浙江,1102,2月10日
浙江,1127,2月11日
浙江,1141,2月12日
浙江,1155,2月13日
浙江,1165,2月14日
浙江,1172,2月15日
浙江,1177,2月16日
浙江,1181,2月17日
浙江,1182,2月18日
浙江,1183,2月19日
浙江,1185,2月20日
浙江,1213,2月21日
浙江,1215,2月22日
浙江,1215,2月23日
浙江,1215,2月24日
浙江,1215,2月25日
浙江,1215,2月26日
浙江,1215,2月27日
浙江,1215,2月28日
浙江,1215,2月29日
浙江,1215,3月1日
浙江,1216,3月2日
浙江,1223,3月3日
浙江,1223,3月4日
浙江,1225,3月5日
浙江,1225,3月6日
浙江,1225,3月7日
浙江,1225,3月8日
浙江,1225,3月9日
浙江,1225,3月10日
浙江,1225,3月11日
浙江,1225,3月12日
浙江,1237,3月14日
浙江,1241,3月15日
浙江,1241,3月16日
浙江,1242,3月17日
浙江,1243,3月19日
浙江,1244,3月20日
浙江,1246,3月21日
浙江,1247,3月22日
浙江,1248,3月23日
浙江,1250,3月24日
浙江,1251,3月25日
浙江,1253,3月26日
重庆,5,1月21日
重庆,6,1月22日
重庆,9,1月23日
重庆,27,1月24日
重庆,57,1月25日
重庆,75,1月26日
重庆,110,1月27日
重庆,132,1月28日
重庆,147,1月29日
重庆,182,1月30日
重庆,211,1月31日
重庆,247,2月1日
重庆,275,2月2日
重庆,312,2月3日
重庆,344,2月4日
重庆,376,2月5日
重庆,400,2月6日
重庆,415,2月7日
重庆,428,2月8日
重庆,450,2月9日
重庆,473,2月10日
重庆,489,2月11日
重庆,509,2月12日
重庆,525,2月13日
重庆,532,2月14日
重庆,538,2月15日
重庆,547,2月16日
重庆,552,2月17日
重庆,553,2月18日
重庆,555,2月19日
重庆,560,2月20日
重庆,567,2月21日
重庆,572,2月22日
重庆,573,2月23日
重庆,575,2月24日
重庆,576,2月25日
重庆,576,2月26日
重庆,576,2月27日
重庆,576,2月28日
重庆,576,2月29日
重庆,576,3月1日
重庆,576,3月2日
重庆,576,3月3日
重庆,576,3月4日
重庆,576,3月5日
重庆,576,3月6日
重庆,576,3月7日
重庆,576,3月8日
重庆,576,3月9日
重庆,576,3月10日
重庆,576,3月11日
重庆,576,3月12日
重庆,576,3月13日
重庆,576,3月14日
重庆,576,3月15日
重庆,577,3月22日
重庆,577,3月23日
重庆,578,3月24日
安徽,1,1月22日
安徽,9,1月23日
安徽,15,1月24日
安徽,39,1月25日
安徽,60,1月26日
安徽,70,1月27日
安徽,106,1月28日
安徽,152,1月29日
安徽,200,1月30日
安徽,237,1月31日
安徽,302,2月1日
安徽,340,2月2日
安徽,408,2月3日
安徽,480,2月4日
安徽,530,2月5日
安徽,591,2月6日
安徽,665,2月7日
安徽,733,2月8日
安徽,779,2月9日
安徽,830,2月10日
安徽,860,2月11日
安徽,889,2月12日
安徽,911,2月13日
安徽,935,2月14日
安徽,951,2月15日
安徽,963,2月16日
安徽,974,2月17日
安徽,983,2月18日
安徽,987,2月19日
安徽,988,2月20日
安徽,989,2月21日
安徽,990,2月22日
安徽,990,2月23日
安徽,990,2月24日
安徽,990,2月25日
安徽,990,2月26日
安徽,990,2月27日
安徽,991,2月28日
安徽,991,2月29日
安徽,991,3月1日
安徽,991,3月2日
安徽,991,3月3日
安徽,991,3月4日
安徽,991,3月5日
安徽,991,3月7日
安徽,991,3月9日
澳门,1,1月22日
澳门,2,1月23日
澳门,5,1月26日
澳门,6,1月27日
澳门,7,1月28日
澳门,8,2月2日
澳门,10,2月4日
澳门,10,2月6日
澳门,10,2月12日
澳门,10,2月13日
澳门,10,2月16日
澳门,10,2月20日
澳门,10,2月25日
澳门,10,2月27日
澳门,10,3月3日
澳门,10,3月6日
澳门,11,3月16日
澳门,13,3月17日
澳门,14,3月18日
澳门,17,3月19日
澳门,20,3月22日
澳门,24,3月23日
澳门,25,3月24日
澳门,26,3月25日
澳门,30,3月26日
福建,1,1月22日
福建,5,1月23日
福建,10,1月24日
福建,18,1月25日
福建,35,1月26日
福建,59,1月27日
福建,80,1月28日
福建,84,1月29日
福建,101,1月30日
福建,120,1月31日
福建,144,2月1日
福建,159,2月2日
福建,179,2月3日
福建,194,2月4日
福建,205,2月5日
福建,215,2月6日
福建,224,2月7日
福建,239,2月8日
福建,250,2月9日
福建,261,2月10日
福建,267,2月11日
福建,272,2月12日
福建,279,2月13日
福建,281,2月14日
福建,285,2月15日
福建,287,2月16日
福建,290,2月17日
福建,292,2月18日
福建,293,2月19日
福建,293,2月20日
福建,293,2月21日
福建,293,2月22日
福建,293,2月23日
福建,293,2月24日
福建,294,2月25日
福建,294,2月26日
福建,296,2月27日
福建,296,2月28日
福建,296,2月29日
福建,296,3月1日
福建,296,3月2日
福建,296,3月4日
福建,296,3月5日
福建,296,3月6日
福建,296,3月7日
福建,299,3月20日
福建,303,3月21日
福建,307,3月22日
福建,313,3月23日
福建,318,3月24日
福建,322,3月25日
福建,328,3月26日
福建,331,3月27日
广西,2,1月22日
广西,5,1月23日
广西,23,1月24日
广西,33,1月26日
广西,46,1月27日
广西,51,1月28日
广西,58,1月29日
广西,78,1月30日
广西,87,1月31日
广西,100,2月1日
广西,111,2月2日
广西,127,2月3日
广西,139,2月4日
广西,150,2月5日
广西,168,2月6日
广西,172,2月7日
广西,183,2月8日
广西,195,2月9日
广西,210,2月10日
广西,215,2月11日
广西,222,2月12日
广西,222,2月13日
广西,226,2月14日
广西,235,2月15日
广西,237,2月16日
广西,238,2月17日
广西,242,2月18日
广西,244,2月19日
广西,245,2月20日
广西,246,2月21日
广西,249,2月22日
广西,251,2月24日
广西,252,2月25日
广西,252,2月26日
广西,252,2月27日
广西,252,2月28日
广西,252,2月29日
广西,252,3月1日
广西,252,3月2日
广西,252,3月3日
广西,252,3月4日
广西,252,3月5日
广西,252,3月6日
广西,252,3月7日
广西,252,3月8日
广西,252,3月9日
广西,252,3月10日
广西,252,3月11日
广西,252,3月12日
广西,252,3月13日
广西,252,3月16日
广西,253,3月17日
广西,253,3月18日
广西,254,3月20日
贵州,1,1月22日
贵州,3,1月23日
贵州,4,1月24日
贵州,5,1月25日
贵州,7,1月27日
贵州,9,1月28日
贵州,9,1月29日
贵州,12,1月30日
贵州,15,1月31日
贵州,29,2月1日
贵州,38,2月2日
贵州,46,2月3日
贵州,58,2月4日
贵州,64,2月5日
贵州,71,2月6日
贵州,81,2月7日
贵州,89,2月8日
贵州,99,2月9日
贵州,109,2月10日
贵州,127,2月11日
贵州,133,2月12日
贵州,135,2月13日
贵州,140,2月14日
贵州,143,2月15日
贵州,144,2月16日
贵州,146,2月17日
贵州,146,2月18日
贵州,146,2月19日
贵州,146,2月20日
贵州,146,2月21日
贵州,146,2月22日
贵州,146,2月23日
贵州,146,2月24日
贵州,146,2月25日
贵州,146,2月26日
贵州,146,2月27日
贵州,146,3月2日
贵州,146,3月7日
贵州,146,3月9日
贵州,146,3月10日
贵州,146,3月11日
贵州,146,3月12日
贵州,146,3月13日
贵州,146,3月14日
贵州,146,3月16日
海南,4,1月22日
海南,8,1月24日
海南,19,1月25日
海南,22,1月26日
海南,33,1月27日
海南,40,1月28日
海南,43,1月29日
海南,46,1月30日
海南,52,1月31日
海南,57,2月1日
海南,63,2月2日
海南,72,2月3日
海南,79,2月4日
海南,100,2月5日
海南,109,2月6日
海南,118,2月7日
海南,124,2月8日
海南,131,2月9日
海南,137,2月10日
海南,151,2月11日
海南,158,2月12日
海南,158,2月13日
海南,160,2月14日
海南,163,2月15日
海南,163,2月16日
海南,164,2月17日
海南,164,2月19日
海南,169,2月20日
海南,169,2月21日
海南,169,2月22日
海南,169,2月23日
海南,169,2月24日
海南,169,2月25日
海南,169,2月26日
海南,169,2月28日
海南,169,2月29日
海南,169,3月1日
海南,169,3月2日
海南,169,3月3日
海南,169,3月4日
海南,169,3月5日
海南,169,3月8日
海南,169,3月12日
海南,169,3月17日
海南,169,3月24日
河北,1,1月22日
河北,2,1月24日
河北,8,1月25日
河北,13,1月26日
河北,18,1月27日
河北,33,1月28日
河北,48,1月29日
河北,65,1月30日
河北,82,1月31日
河北,96,2月1日
河北,104,2月2日
河北,113,2月3日
河北,126,2月4日
河北,135,2月5日
河北,157,2月6日
河北,171,2月7日
河北,195,2月8日
河北,206,2月9日
河北,218,2月10日
河北,239,2月11日
河北,251,2月12日
河北,265,2月13日
河北,283,2月14日
河北,291,2月15日
河北,300,2月16日
河北,301,2月17日
河北,302,2月18日
河北,306,2月19日
河北,307,2月20日
河北,308,2月21日
河北,309,2月22日
河北,311,2月23日
河北,311,2月24日
河北,311,2月25日
河北,312,2月26日
河北,317,2月27日
河北,318,2月28日
河北,318,2月29日
河北,318,3月1日
河北,318,3月2日
河北,318,3月3日
河北,318,3月4日
河北,318,3月5日
河北,318,3月7日
河北,318,3月12日
河北,319,3月22日
湖南,4,1月22日
湖南,9,1月23日
湖南,24,1月24日
湖南,43,1月25日
湖南,69,1月26日
湖南,100,1月27日
湖南,143,1月28日
湖南,221,1月29日
湖南,277,1月30日
湖南,332,1月31日
湖南,389,2月1日
湖南,463,2月2日
湖南,521,2月3日
湖南,593,2月4日
湖南,661,2月5日
湖南,711,2月6日
湖南,772,2月7日
湖南,803,2月8日
湖南,838,2月9日
湖南,879,2月10日
湖南,912,2月11日
湖南,946,2月12日
湖南,968,2月13日
湖南,988,2月14日
湖南,1001,2月15日
湖南,1004,2月16日
湖南,1006,2月17日
湖南,1007,2月18日
湖南,1008,2月19日
湖南,1010,2月20日
湖南,1011,2月21日
湖南,1013,2月22日
湖南,1016,2月23日
湖南,1016,2月24日
湖南,1016,2月25日
湖南,1016,2月26日
湖南,1017,2月27日
湖南,1017,2月28日
湖南,1018,2月29日
湖南,1018,3月1日
湖南,1018,3月2日
湖南,1018,3月3日
湖南,1018,3月4日
湖南,1018,3月5日
湖南,1018,3月6日
湖南,1018,3月7日
湖南,1018,3月8日
湖南,1018,3月9日
湖南,1018,3月10日
湖南,1018,3月11日
湖南,1018,3月12日
湖南,1018,3月13日
湖南,1018,3月14日
江苏,0,1月22日
江苏,5,1月23日
江苏,9,1月24日
江苏,18,1月25日
江苏,33,1月26日
江苏,47,1月27日
江苏,70,1月28日
江苏,99,1月29日
江苏,129,1月30日
江苏,168,1月31日
江苏,202,2月1日
江苏,236,2月2日
江苏,271,2月3日
江苏,308,2月4日
江苏,341,2月5日
江苏,373,2月6日
江苏,408,2月7日
江苏,439,2月8日
江苏,468,2月9日
江苏,492,2月10日
江苏,515,2月11日
江苏,543,2月12日
江苏,570,2月13日
江苏,593,2月14日
江苏,604,2月15日
江苏,617,2月16日
江苏,626,2月17日
江苏,629,2月18日
江苏,631,2月19日
江苏,631,2月20日
江苏,631,2月21日
江苏,631,2月22日
江苏,631,2月23日
江苏,631,2月24日
江苏,631,2月25日
江苏,631,2月26日
江苏,631,2月27日
江苏,631,2月28日
江苏,631,2月29日
江苏,631,3月1日
江苏,631,3月2日
江苏,631,3月3日
江苏,631,3月4日
江苏,631,3月5日
江苏,631,3月6日
江苏,631,3月7日
江苏,631,3月8日
江苏,631,3月9日
江苏,631,3月10日
江苏,631,3月11日
江苏,631,3月12日
江苏,631,3月13日
江苏,631,3月15日
江苏,633,3月22日
江苏,636,3月24日
江苏,638,3月25日
江苏,640,3月26日
江苏,641,3月27日
江西,2,1月22日
江西,3,1月23日
江西,18,1月24日
江西,36,1月26日
江西,48,1月27日
江西,72,1月28日
江西,109,1月29日
江西,162,1月30日
江西,239,1月31日
江西,285,2月1日
江西,332,2月2日
江西,391,2月3日
江西,476,2月4日
江西,548,2月5日
江西,600,2月6日
江西,661,2月7日
江西,698,2月8日
江西,740,2月9日
江西,771,2月10日
江西,804,2月11日
江西,844,2月12日
江西,872,2月13日
江西,900,2月14日
江西,913,2月15日
江西,925,2月16日
江西,930,2月17日
江西,933,2月18日
江西,933,2月19日
江西,934,2月20日
江西,934,2月21日
江西,934,2月22日
江西,934,2月23日
江西,934,2月24日
江西,934,2月25日
江西,934,2月26日
江西,934,2月27日
江西,935,2月28日
江西,935,2月29日
江西,935,3月1日
江西,935,3月2日
江西,935,3月3日
江西,935,3月4日
江西,935,3月5日
江西,935,3月6日
江西,935,3月7日
江西,935,3月8日
江西,935,3月9日
江西,935,3月10日
江西,935,3月11日
江西,935,3月12日
江西,936,3月22日
辽宁,2,1月22日
辽宁,3,1月23日
辽宁,4,1月24日
辽宁,16,1月25日
辽宁,21,1月26日
辽宁,27,1月27日
辽宁,34,1月28日
辽宁,39,1月29日
辽宁,41,1月30日
辽宁,60,1月31日
辽宁,64,2月1日
辽宁,70,2月2日
辽宁,74,2月3日
辽宁,81,2月4日
辽宁,89,2月5日
辽宁,94,2月6日
辽宁,99,2月7日
辽宁,105,2月8日
辽宁,107,2月9日
辽宁,108,2月10日
辽宁,111,2月11日
辽宁,116,2月12日
辽宁,117,2月13日
辽宁,119,2月14日
辽宁,119,2月15日
辽宁,121,2月16日
辽宁,121,2月17日
辽宁,121,2月18日
辽宁,121,2月19日
辽宁,121,2月20日
辽宁,121,2月21日
辽宁,121,2月22日
辽宁,121,2月23日
辽宁,121,2月24日
辽宁,121,2月25日
辽宁,121,2月26日
辽宁,121,2月27日
辽宁,121,2月28日
辽宁,121,2月29日
辽宁,122,3月1日
辽宁,122,3月2日
辽宁,125,3月3日
辽宁,125,3月4日
辽宁,125,3月8日
辽宁,125,3月9日
辽宁,125,3月10日
辽宁,125,3月11日
辽宁,125,3月13日
辽宁,125,3月14日
辽宁,125,3月16日
辽宁,125,3月17日
辽宁,125,3月18日
辽宁,126,3月20日
辽宁,126,3月22日
辽宁,127,3月23日
美国,1,1月22日
美国,2,1月24日
美国,3,1月26日
美国,5,1月27日
美国,6,1月31日
美国,8,2月2日
美国,9,2月3日
美国,11,2月4日
美国,12,2月6日
美国,12,2月8日
美国,13,2月11日
美国,14,2月13日
美国,15,2月14日
美国,34,2月22日
美国,53,2月25日
美国,54,2月27日
美国,60,2月28日
美国,62,2月29日
美国,62,3月1日
美国,77,3月2日
美国,96,3月3日
美国,108,3月4日
美国,161,3月5日
美国,163,3月6日
美国,285,3月7日
美国,400,3月8日
美国,547,3月9日
美国,704,3月10日
美国,1020,3月11日
美国,1281,3月12日
美国,1663,3月13日
美国,2084,3月14日
美国,2726,3月15日
美国,3774,3月16日
美国,4442,3月17日
美国,6420,3月18日
美国,9077,3月19日
美国,14250,3月20日
美国,19624,3月21日
美国,26747,3月22日
美国,35224,3月23日
美国,46442,3月24日
美国,55041,3月25日
美国,69197,3月26日
美国,78544,3月27日
宁夏,1,1月22日
宁夏,2,1月24日
宁夏,3,1月25日
宁夏,4,1月26日
宁夏,7,1月27日
宁夏,11,1月28日
宁夏,12,1月29日
宁夏,17,1月30日
宁夏,21,1月31日
宁夏,26,2月1日
宁夏,28,2月2日
宁夏,31,2月3日
宁夏,34,2月4日
宁夏,40,2月6日
宁夏,43,2月7日
宁夏,45,2月8日
宁夏,46,2月9日
宁夏,50,2月10日
宁夏,54,2月11日
宁夏,59,2月12日
宁夏,65,2月13日
宁夏,68,2月14日
宁夏,71,2月15日
宁夏,71,2月18日
宁夏,72,2月19日
宁夏,72,2月20日
宁夏,72,2月21日
宁夏,72,2月23日
宁夏,72,2月24日
宁夏,72,2月25日
宁夏,73,2月26日
宁夏,73,2月28日
宁夏,74,2月29日
宁夏,74,3月1日
宁夏,75,3月2日
宁夏,76,3月4日
宁夏,76,3月6日
宁夏,76,3月11日
宁夏,76,3月15日
宁夏,76,3月16日
山西,1,1月22日
山西,6,1月25日
山西,9,1月26日
山西,13,1月27日
山西,20,1月28日
山西,27,1月29日
山西,35,1月30日
山西,39,1月31日
山西,47,2月1日
山西,56,2月2日
山西,66,2月3日
山西,74,2月4日
山西,81,2月5日
山西,90,2月6日
山西,96,2月7日
山西,104,2月8日
山西,115,2月9日
山西,119,2月10日
山西,122,2月11日
山西,124,2月12日
山西,126,2月13日
山西,126,2月14日
山西,127,2月15日
山西,128,2月16日
山西,129,2月17日
山西,130,2月18日
山西,131,2月19日
山西,131,2月20日
山西,132,2月21日
山西,132,2月22日
山西,132,2月23日
山西,132,2月24日
山西,133,2月25日
山西,133,2月26日
山西,133,2月27日
山西,133,2月28日
山西,133,2月29日
山西,133,3月1日
山西,133,3月2日
山西,133,3月3日
山西,133,3月4日
山西,133,3月5日
山西,133,3月10日
山西,133,3月11日
山西,133,3月13日
山西,133,3月15日
山西,134,3月24日
山西,135,3月26日
甘肃,2,1月23日
甘肃,4,1月25日
甘肃,7,1月26日
甘肃,14,1月27日
甘肃,19,1月28日
甘肃,24,1月29日
甘肃,26,1月30日
甘肃,30,1月31日
甘肃,41,2月1日
甘肃,41,2月2日
甘肃,56,2月3日
甘肃,58,2月4日
甘肃,63,2月5日
甘肃,63,2月6日
甘肃,72,2月7日
甘肃,80,2月8日
甘肃,84,2月9日
甘肃,87,2月10日
甘肃,87,2月11日
甘肃,88,2月12日
甘肃,91,2月13日
甘肃,91,2月14日
甘肃,91,2月15日
甘肃,91,2月16日
甘肃,92,2月17日
甘肃,92,2月18日
甘肃,92,2月19日
甘肃,92,2月22日
甘肃,92,2月24日
甘肃,92,2月25日
甘肃,92,2月26日
甘肃,92,2月28日
甘肃,92,3月2日
甘肃,92,3月3日
甘肃,92,3月4日
甘肃,103,3月5日
甘肃,120,3月6日
甘肃,121,3月7日
甘肃,125,3月8日
甘肃,125,3月9日
甘肃,126,3月10日
甘肃,128,3月11日
甘肃,128,3月13日
甘肃,133,3月14日
甘肃,134,3月15日
甘肃,135,3月19日
甘肃,135,3月20日
甘肃,137,3月22日
甘肃,137,3月23日
甘肃,137,3月24日
甘肃,137,3月26日
吉林,1,1月23日
吉林,3,1月24日
吉林,4,1月25日
吉林,6,1月27日
吉林,8,1月28日
吉林,9,1月29日
吉林,16,1月30日
吉林,19,2月1日
吉林,25,2月2日
吉林,33,2月3日
吉林,44,2月4日
吉林,56,2月5日
吉林,61,2月6日
吉林,67,2月7日
吉林,71,2月8日
吉林,80,2月9日
吉林,82,2月10日
吉林,83,2月11日
吉林,85,2月12日
吉林,86,2月13日
吉林,88,2月14日
吉林,90,2月15日
吉林,91,2月16日
吉林,91,2月18日
吉林,92,2月19日
吉林,93,2月20日
吉林,93,2月21日
吉林,93,2月22日
吉林,93,2月23日
吉林,95,2月24日
吉林,95,2月25日
吉林,95,2月26日
吉林,95,2月27日
吉林,95,2月28日
吉林,95,2月29日
吉林,95,3月1日
吉林,95,3月2日
吉林,95,3月4日
吉林,95,3月5日
吉林,95,3月7日
吉林,95,3月10日
吉林,95,3月15日
吉林,96,3月25日
吉林,97,3月26日
内蒙古,0,1月23日
内蒙古,1,1月24日
内蒙古,7,1月25日
内蒙古,11,1月27日
内蒙古,15,1月28日
内蒙古,16,1月29日
内蒙古,18,1月30日
内蒙古,20,1月31日
内蒙古,23,2月1日
内蒙古,27,2月2日
内蒙古,34,2月3日
内蒙古,35,2月4日
内蒙古,42,2月5日
内蒙古,46,2月6日
内蒙古,50,2月7日
内蒙古,52,2月8日
内蒙古,54,2月9日
内蒙古,58,2月10日
内蒙古,60,2月12日
内蒙古,61,2月13日
内蒙古,65,2月14日
内蒙古,68,2月15日
内蒙古,70,2月16日
内蒙古,72,2月17日
内蒙古,73,2月18日
内蒙古,75,2月19日
内蒙古,75,2月20日
内蒙古,75,2月21日
内蒙古,75,2月22日
内蒙古,75,2月23日
内蒙古,75,2月24日
内蒙古,75,2月25日
内蒙古,75,2月26日
内蒙古,75,2月27日
内蒙古,75,2月28日
内蒙古,75,2月29日
内蒙古,75,3月1日
内蒙古,75,3月2日
内蒙古,75,3月3日
内蒙古,75,3月4日
内蒙古,75,3月5日
内蒙古,75,3月7日
内蒙古,75,3月8日
内蒙古,75,3月11日
内蒙古,75,3月15日
内蒙古,75,3月16日
内蒙古,75,3月17日
内蒙古,75,3月19日
内蒙古,77,3月25日
内蒙古,89,3月26日
内蒙古,92,3月27日
陕西,3,1月23日
陕西,5,1月24日
陕西,15,1月25日
陕西,22,1月26日
陕西,35,1月27日
陕西,46,1月28日
陕西,56,1月29日
陕西,63,1月30日
陕西,87,1月31日
陕西,101,2月1日
陕西,116,2月2日
陕西,128,2月3日
陕西,142,2月4日
陕西,165,2月5日
陕西,173,2月6日
陕西,184,2月7日
陕西,195,2月8日
陕西,208,2月9日
陕西,213,2月10日
陕西,219,2月11日
陕西,225,2月12日
陕西,229,2月13日
陕西,230,2月14日
陕西,232,2月15日
陕西,236,2月16日
陕西,240,2月17日
陕西,240,2月18日
陕西,242,2月19日
陕西,245,2月20日
陕西,245,2月22日
陕西,245,2月23日
陕西,245,2月24日
陕西,245,2月25日
陕西,245,2月26日
陕西,245,2月27日
陕西,245,2月28日
陕西,245,2月29日
陕西,245,3月1日
陕西,245,3月2日
陕西,245,3月3日
陕西,245,3月4日
陕西,245,3月5日
陕西,245,3月7日
陕西,245,3月9日
陕西,245,3月12日
陕西,246,3月17日
陕西,246,3月18日
陕西,247,3月20日
陕西,248,3月21日
陕西,248,3月24日
陕西,249,3月25日
陕西,252,3月26日
新加坡,1,1月23日
新加坡,3,1月24日
新加坡,4,1月26日
新加坡,7,1月28日
新加坡,10,1月29日
新加坡,13,1月30日
新加坡,16,1月31日
新加坡,18,2月1日
新加坡,24,2月4日
新加坡,30,2月6日
新加坡,33,2月7日
新加坡,40,2月8日
新加坡,43,2月9日
新加坡,45,2月10日
新加坡,47,2月11日
新加坡,50,2月12日
新加坡,58,2月13日
新加坡,67,2月14日
新加坡,72,2月16日
新加坡,75,2月17日
新加坡,81,2月18日
新加坡,84,2月20日
新加坡,85,2月21日
新加坡,89,2月23日
新加坡,90,2月24日
新加坡,91,2月25日
新加坡,93,2月26日
新加坡,96,2月27日
新加坡,98,2月28日
新加坡,102,2月29日
新加坡,106,3月1日
新加坡,108,3月2日
新加坡,112,3月4日
新加坡,130,3月6日
新加坡,138,3月7日
新加坡,150,3月8日
新加坡,160,3月9日
新加坡,166,3月10日
新加坡,178,3月11日
新加坡,187,3月12日
新加坡,200,3月13日
新加坡,212,3月14日
新加坡,226,3月15日
新加坡,243,3月16日
新加坡,266,3月17日
新加坡,313,3月18日
新加坡,345,3月19日
新加坡,385,3月20日
新加坡,432,3月21日
新加坡,455,3月22日
新加坡,509,3月23日
新加坡,558,3月24日
新加坡,631,3月25日
新加坡,683,3月26日
新加坡,732,3月27日
新疆,2,1月23日
新疆,3,1月25日
新疆,4,1月26日
新疆,5,1月27日
新疆,10,1月28日
新疆,13,1月29日
新疆,14,1月30日
新疆,17,1月31日
新疆,18,2月1日
新疆,21,2月2日
新疆,24,2月3日
新疆,29,2月4日
新疆,32,2月5日
新疆,36,2月6日
新疆,39,2月7日
新疆,42,2月8日
新疆,45,2月9日
新疆,49,2月10日
新疆,55,2月11日
新疆,59,2月12日
新疆,63,2月13日
新疆,65,2月14日
新疆,70,2月15日
新疆,71,2月16日
新疆,75,2月17日
新疆,76,2月18日
新疆,76,2月19日
新疆,76,2月20日
新疆,76,2月22日
新疆,76,2月23日
新疆,76,2月24日
新疆,76,2月27日
新疆,76,2月28日
新疆,76,2月29日
新疆,76,3月1日
新疆,76,3月2日
新疆,76,3月4日
新疆,76,3月5日
新疆,76,3月7日
新疆,76,3月8日
越南,2,1月23日
越南,5,1月30日
越南,6,2月1日
越南,7,2月2日
越南,8,2月3日
越南,10,2月4日
越南,12,2月7日
越南,13,2月8日
越南,13,2月9日
越南,14,2月10日
越南,15,2月11日
越南,15,2月12日
越南,16,2月13日
越南,16,2月18日
越南,16,2月25日
越南,18,3月7日
越南,30,3月8日
越南,34,3月10日
越南,39,3月11日
越南,44,3月12日
越南,47,3月13日
越南,53,3月14日
越南,54,3月15日
越南,60,3月16日
越南,66,3月17日
越南,76,3月19日
越南,87,3月20日
越南,94,3月21日
越南,99,3月22日
越南,123,3月23日
越南,134,3月24日
越南,141,3月25日
越南,153,3月26日
越南,163,3月27日
尼泊尔,1,1月24日
尼泊尔,1,1月25日
尼泊尔,2,3月23日
尼泊尔,4,3月27日
澳大利亚,4,1月25日
澳大利亚,5,1月27日
澳大利亚,7,1月29日
澳大利亚,8,1月30日
澳大利亚,9,1月31日
澳大利亚,12,2月1日
澳大利亚,13,2月4日
澳大利亚,14,2月5日
澳大利亚,15,2月7日
澳大利亚,15,2月11日
澳大利亚,17,2月22日
澳大利亚,23,2月25日
澳大利亚,24,2月28日
澳大利亚,25,2月29日
澳大利亚,28,3月1日
澳大利亚,29,3月2日
澳大利亚,40,3月3日
澳大利亚,40,3月4日
澳大利亚,53,3月5日
澳大利亚,59,3月6日
澳大利亚,64,3月7日
澳大利亚,74,3月8日
澳大利亚,83,3月9日
澳大利亚,117,3月11日
澳大利亚,129,3月12日
澳大利亚,236,3月14日
澳大利亚,272,3月15日
澳大利亚,355,3月16日
澳大利亚,449,3月17日
澳大利亚,556,3月18日
澳大利亚,636,3月19日
澳大利亚,877,3月20日
澳大利亚,1051,3月21日
澳大利亚,1098,3月22日
澳大利亚,1709,3月23日
澳大利亚,2136,3月24日
澳大利亚,2317,3月25日
澳大利亚,2799,3月26日
澳大利亚,2799,3月27日
法国,3,1月25日
法国,4,1月29日
法国,5,1月30日
法国,6,1月31日
法国,11,2月8日
法国,11,2月15日
法国,12,2月16日
法国,12,2月25日
法国,17,2月26日
法国,18,2月27日
法国,41,2月28日
法国,73,2月29日
法国,100,3月1日
法国,130,3月2日
法国,191,3月3日
法国,257,3月4日
法国,377,3月5日
法国,577,3月6日
法国,716,3月7日
法国,949,3月8日
法国,1191,3月9日
法国,1606,3月10日
法国,1784,3月11日
法国,2281,3月12日
法国,2876,3月13日
法国,3661,3月14日
法国,4500,3月15日
法国,5423,3月16日
法国,7730,3月18日
法国,9134,3月19日
法国,10995,3月20日
法国,12632,3月21日
法国,14459,3月22日
法国,16018,3月23日
法国,19856,3月24日
法国,22300,3月25日
法国,25233,3月26日
马来西亚,3,1月25日
马来西亚,4,1月26日
马来西亚,7,1月29日
马来西亚,8,1月30日
马来西亚,10,2月4日
马来西亚,12,2月5日
马来西亚,14,2月6日
马来西亚,15,2月7日
马来西亚,16,2月8日
马来西亚,17,2月9日
马来西亚,18,2月10日
马来西亚,19,2月13日
马来西亚,21,2月15日
马来西亚,22,2月16日
马来西亚,22,2月20日
马来西亚,23,2月27日
马来西亚,29,3月1日
马来西亚,36,3月3日
马来西亚,50,3月4日
马来西亚,55,3月5日
马来西亚,93,3月7日
马来西亚,99,3月8日
马来西亚,117,3月9日
马来西亚,129,3月10日
马来西亚,149,3月11日
马来西亚,158,3月12日
马来西亚,197,3月13日
马来西亚,238,3月14日
马来西亚,428,3月15日
马来西亚,553,3月16日
马来西亚,673,3月17日
马来西亚,790,3月18日
马来西亚,900,3月19日
马来西亚,1030,3月20日
马来西亚,1183,3月21日
马来西亚,1306,3月22日
马来西亚,1518,3月23日
马来西亚,1624,3月24日
马来西亚,1796,3月25日
马来西亚,2031,3月26日
马来西亚,2161,3月27日
青海,1,1月25日
青海,4,1月26日
青海,6,1月27日
青海,8,1月30日
青海,9,2月1日
青海,9,2月2日
青海,13,2月3日
青海,15,2月4日
青海,17,2月5日
青海,18,2月6日
青海,18,2月11日
青海,18,2月12日
青海,18,2月14日
青海,18,2月15日
青海,18,2月18日
青海,18,2月20日
青海,18,2月21日
加拿大,1,1月26日
加拿大,2,1月29日
加拿大,3,1月30日
加拿大,3,1月31日
加拿大,4,2月1日
加拿大,5,2月5日
加拿大,7,2月9日
加拿大,8,2月15日
加拿大,8,2月21日
加拿大,9,2月22日
加拿大,10,2月24日
加拿大,11,2月25日
加拿大,14,2月28日
加拿大,16,2月29日
加拿大,17,3月1日
加拿大,24,3月2日
加拿大,27,3月3日
加拿大,33,3月4日
加拿大,34,3月5日
加拿大,48,3月6日
加拿大,54,3月7日
加拿大,60,3月8日
加拿大,66,3月9日
加拿大,77,3月10日
加拿大,93,3月11日
加拿大,115,3月12日
加拿大,142,3月13日
加拿大,198,3月14日
加拿大,295,3月15日
加拿大,343,3月16日
加拿大,436,3月17日
加拿大,608,3月18日
加拿大,739,3月19日
加拿大,935,3月20日
加拿大,1158,3月21日
加拿大,1389,3月22日
加拿大,1482,3月23日
加拿大,2103,3月24日
加拿大,2904,3月25日
加拿大,3421,3月26日
柬埔寨,1,1月27日
柬埔寨,1,2月10日
柬埔寨,3,3月10日
柬埔寨,5,3月12日
柬埔寨,12,3月16日
柬埔寨,33,3月18日
柬埔寨,37,3月19日
柬埔寨,51,3月21日
柬埔寨,53,3月23日
柬埔寨,87,3月24日
柬埔寨,96,3月25日
斯里兰卡,1,1月27日
斯里兰卡,1,2月1日
斯里兰卡,2,3月11日
斯里兰卡,3,3月12日
斯里兰卡,11,3月14日
斯里兰卡,12,3月15日
斯里兰卡,23,3月16日
斯里兰卡,44,3月17日
斯里兰卡,50,3月18日
斯里兰卡,60,3月19日
斯里兰卡,71,3月20日
斯里兰卡,73,3月21日
斯里兰卡,77,3月22日
斯里兰卡,92,3月23日
斯里兰卡,100,3月24日
斯里兰卡,102,3月25日
德国,1,1月28日
德国,4,1月29日
德国,6,1月31日
德国,7,2月1日
德国,10,2月2日
德国,12,2月4日
德国,13,2月7日
德国,14,2月10日
德国,16,2月12日
德国,16,2月14日
德国,16,2月18日
德国,16,2月24日
德国,20,2月26日
德国,25,2月27日
德国,45,2月28日
德国,66,2月29日
德国,117,3月1日
德国,130,3月2日
德国,196,3月3日
德国,240,3月4日
德国,349,3月5日
德国,565,3月6日
德国,684,3月7日
德国,847,3月8日
德国,1112,3月9日
德国,1139,3月10日
德国,1524,3月11日
德国,1567,3月12日
德国,2369,3月13日
德国,3062,3月14日
德国,4838,3月15日
德国,4838,3月16日
德国,7974,3月17日
德国,10178,3月18日
德国,12905,3月19日
德国,14775,3月20日
德国,20799,3月21日
德国,22919,3月22日
德国,23490,3月23日
德国,32188,3月24日
德国,36189,3月25日
德国,38942,3月26日
德国,43106,3月27日
阿联酋,4,1月29日
阿联酋,5,2月2日
阿联酋,7,2月8日
阿联酋,7,2月10日
阿联酋,8,2月11日
阿联酋,8,2月14日
阿联酋,9,2月17日
阿联酋,13,2月22日
阿联酋,19,2月28日
阿联酋,21,2月29日
阿联酋,27,3月4日
阿联酋,28,3月5日
阿联酋,29,3月6日
阿联酋,60,3月7日
阿联酋,74,3月10日
阿联酋,85,3月12日
阿联酋,85,3月13日
阿联酋,86,3月15日
阿联酋,98,3月16日
阿联酋,113,3月18日
阿联酋,140,3月19日
阿联酋,153,3月21日
阿联酋,198,3月23日
阿联酋,333,3月25日
菲律宾,1,1月30日
菲律宾,2,2月2日
菲律宾,3,2月5日
菲律宾,3,2月10日
菲律宾,5,3月6日
菲律宾,6,3月7日
菲律宾,20,3月9日
菲律宾,35,3月10日
菲律宾,49,3月11日
菲律宾,52,3月12日
菲律宾,64,3月13日
菲律宾,111,3月14日
菲律宾,140,3月15日
菲律宾,142,3月16日
菲律宾,187,3月17日
菲律宾,202,3月18日
菲律宾,217,3月19日
菲律宾,307,3月21日
菲律宾,380,3月22日
菲律宾,380,3月23日
菲律宾,501,3月24日
菲律宾,636,3月25日
菲律宾,707,3月26日
菲律宾,803,3月27日
芬兰,1,1月30日
芬兰,1,2月6日
芬兰,2,2月27日
芬兰,3,2月29日
芬兰,6,3月2日
芬兰,7,3月3日
芬兰,12,3月5日
芬兰,15,3月6日
芬兰,19,3月7日
芬兰,30,3月9日
芬兰,109,3月12日
芬兰,155,3月13日
芬兰,243,3月15日
芬兰,272,3月17日
芬兰,321,3月18日
芬兰,359,3月19日
芬兰,400,3月20日
芬兰,521,3月21日
芬兰,626,3月23日
芬兰,700,3月24日
芬兰,792,3月25日
芬兰,880,3月26日
西藏,1,1月30日
西藏,1,2月12日
印度,1,1月30日
印度,2,2月2日
印度,3,2月3日
印度,6,3月3日
印度,28,3月4日
印度,30,3月5日
印度,31,3月6日
印度,33,3月7日
印度,40,3月8日
印度,43,3月9日
印度,59,3月10日
印度,61,3月11日
印度,74,3月12日
印度,81,3月13日
印度,84,3月14日
印度,107,3月15日
印度,117,3月16日
印度,137,3月17日
印度,151,3月18日
印度,173,3月19日
印度,223,3月20日
印度,283,3月21日
印度,341,3月22日
印度,415,3月23日
印度,519,3月24日
印度,606,3月25日
印度,649,3月26日
印度,679,3月27日
俄罗斯,2,1月31日
俄罗斯,2,2月12日
俄罗斯,2,2月13日
俄罗斯,3,3月2日
俄罗斯,4,3月5日
俄罗斯,10,3月6日
俄罗斯,14,3月7日
俄罗斯,17,3月8日
俄罗斯,28,3月12日
俄罗斯,45,3月13日
俄罗斯,59,3月14日
俄罗斯,63,3月15日
俄罗斯,93,3月16日
俄罗斯,147,3月18日
俄罗斯,199,3月19日
俄罗斯,253,3月20日
俄罗斯,306,3月21日
俄罗斯,367,3月22日
俄罗斯,438,3月23日
俄罗斯,658,3月25日
俄罗斯,840,3月26日
俄罗斯,1036,3月27日
瑞典,1,1月31日
瑞典,2,2月27日
瑞典,7,2月28日
瑞典,12,2月29日
瑞典,13,3月1日
瑞典,14,3月2日
瑞典,19,3月3日
瑞典,35,3月4日
瑞典,60,3月5日
瑞典,101,3月6日
瑞典,161,3月7日
瑞典,203,3月8日
瑞典,213,3月9日
瑞典,346,3月10日
瑞典,464,3月11日
瑞典,500,3月12日
瑞典,683,3月13日
瑞典,775,3月14日
瑞典,992,3月15日
瑞典,1023,3月16日
瑞典,1119,3月17日
瑞典,1196,3月18日
瑞典,1279,3月19日
瑞典,1423,3月20日
瑞典,1639,3月21日
瑞典,1746,3月22日
瑞典,1906,3月23日
瑞典,2016,3月24日
瑞典,2272,3月25日
瑞典,2510,3月26日
意大利,2,1月31日
意大利,3,2月7日
意大利,20,2月22日
意大利,132,2月23日
意大利,256,2月24日
意大利,283,2月25日
意大利,323,2月26日
意大利,528,2月27日
意大利,650,2月28日
意大利,888,2月29日
意大利,1128,3月1日
意大利,1694,3月2日
意大利,2036,3月3日
意大利,2502,3月4日
意大利,3089,3月5日
意大利,4636,3月7日
意大利,5883,3月8日
意大利,7375,3月9日
意大利,9172,3月10日
意大利,10149,3月11日
意大利,15113,3月12日
意大利,15385,3月13日
意大利,17660,3月14日
意大利,21270,3月15日
意大利,24938,3月16日
意大利,27980,3月17日
意大利,31506,3月18日
意大利,35713,3月19日
意大利,41035,3月20日
意大利,47021,3月21日
意大利,53579,3月22日
意大利,59138,3月23日
意大利,63927,3月24日
意大利,69176,3月25日
意大利,74386,3月26日
英国,2,1月31日
英国,3,2月7日
英国,8,2月10日
英国,9,2月13日
英国,13,2月24日
英国,13,2月26日
英国,15,2月27日
英国,20,2月28日
英国,23,2月29日
英国,35,3月1日
英国,36,3月2日
英国,51,3月3日
英国,85,3月4日
英国,90,3月5日
英国,163,3月6日
英国,273,3月8日
英国,280,3月9日
英国,373,3月10日
英国,456,3月11日
英国,590,3月12日
英国,798,3月13日
英国,1140,3月14日
英国,1372,3月15日
英国,1543,3月16日
英国,1950,3月17日
英国,2626,3月18日
英国,3269,3月20日
英国,4014,3月21日
英国,5018,3月22日
英国,5683,3月23日
英国,6650,3月24日
英国,8077,3月25日
英国,9529,3月26日
英国,12450,3月27日
西班牙,1,2月1日
西班牙,2,2月9日
西班牙,4,2月25日
西班牙,10,2月27日
西班牙,25,2月28日
西班牙,41,2月29日
西班牙,74,3月1日
西班牙,150,3月3日
西班牙,165,3月4日
西班牙,193,3月5日
西班牙,345,3月6日
西班牙,441,3月7日
西班牙,613,3月8日
西班牙,1046,3月9日
西班牙,1648,3月10日
西班牙,2128,3月11日
西班牙,2968,3月12日
西班牙,4209,3月13日
西班牙,5753,3月14日
西班牙,7753,3月15日
西班牙,7864,3月16日
西班牙,11178,3月17日
西班牙,13716,3月18日
西班牙,17147,3月19日
西班牙,19880,3月20日
西班牙,24926,3月21日
西班牙,28572,3月22日
西班牙,33089,3月23日
西班牙,39673,3月24日
西班牙,47610,3月25日
西班牙,56188,3月26日
西班牙,64059,3月27日
比利时,1,2月4日
比利时,2,3月1日
比利时,8,3月2日
比利时,13,3月3日
比利时,23,3月4日
比利时,50,3月5日
比利时,109,3月6日
比利时,169,3月7日
比利时,239,3月9日
比利时,267,3月10日
比利时,314,3月11日
比利时,399,3月12日
比利时,556,3月13日
比利时,689,3月14日
比利时,886,3月15日
比利时,1058,3月16日
比利时,1270,3月17日
比利时,1528,3月18日
比利时,1795,3月19日
比利时,2257,3月20日
比利时,2815,3月21日
比利时,3401,3月22日
比利时,3743,3月23日
比利时,4269,3月24日
比利时,4937,3月25日
比利时,6235,3月26日
比利时,7284,3月27日
钻石公主号,10,2月5日
钻石公主号,20,2月6日
钻石公主号,61,2月7日
钻石公主号,64,2月8日
钻石公主号,70,2月9日
钻石公主号,135,2月11日
钻石公主号,174,2月12日
钻石公主号,218,2月13日
钻石公主号,285,2月15日
钻石公主号,355,2月16日
钻石公主号,454,2月17日
钻石公主号,542,2月18日
钻石公主号,621,2月19日
钻石公主号,634,2月20日
钻石公主号,691,2月23日
钻石公主号,691,2月25日
钻石公主号,705,2月27日
钻石公主号,705,2月28日
钻石公主号,705,3月1日
钻石公主号,705,3月2日
钻石公主号,707,3月3日
钻石公主号,707,3月4日
钻石公主号,707,3月6日
钻石公主号,707,3月8日
钻石公主号,708,3月12日
钻石公主号,723,3月17日
钻石公主号,723,3月23日
埃及,1,2月15日
埃及,1,2月28日
埃及,2,3月2日
埃及,14,3月6日
埃及,36,3月8日
埃及,55,3月9日
埃及,59,3月10日
埃及,67,3月12日
埃及,80,3月13日
埃及,93,3月14日
埃及,110,3月15日
埃及,126,3月16日
埃及,166,3月17日
埃及,196,3月18日
埃及,210,3月19日
埃及,256,3月20日
埃及,285,3月21日
埃及,294,3月22日
埃及,327,3月23日
埃及,366,3月24日
埃及,442,3月25日
埃及,456,3月26日
埃及,495,3月27日
伊朗,2,2月20日
伊朗,18,2月21日
伊朗,28,2月22日
伊朗,28,2月23日
伊朗,61,2月24日
伊朗,95,2月25日
伊朗,139,2月26日
伊朗,247,2月27日
伊朗,388,2月28日
伊朗,593,2月29日
伊朗,978,3月1日
伊朗,1501,3月2日
伊朗,2336,3月3日
伊朗,2922,3月4日
伊朗,3513,3月5日
伊朗,4747,3月6日
伊朗,5823,3月7日
伊朗,6566,3月8日
伊朗,7161,3月9日
伊朗,8042,3月10日
伊朗,9000,3月11日
伊朗,10075,3月12日
伊朗,11364,3月13日
伊朗,12729,3月14日
伊朗,13938,3月15日
伊朗,14991,3月16日
伊朗,16169,3月17日
伊朗,17361,3月18日
伊朗,18407,3月19日
伊朗,19644,3月20日
伊朗,20610,3月21日
伊朗,21638,3月22日
伊朗,23049,3月23日
伊朗,24811,3月24日
伊朗,27017,3月25日
伊朗,29406,3月26日
伊朗,32332,3月27日
黎巴嫩,1,2月21日
黎巴嫩,3,2月27日
黎巴嫩,13,3月4日
黎巴嫩,15,3月5日
黎巴嫩,28,3月8日
黎巴嫩,32,3月9日
黎巴嫩,32,3月10日
黎巴嫩,52,3月11日
黎巴嫩,68,3月12日
黎巴嫩,77,3月13日
黎巴嫩,93,3月14日
黎巴嫩,109,3月16日
黎巴嫩,120,3月17日
黎巴嫩,149,3月19日
黎巴嫩,163,3月20日
黎巴嫩,206,3月21日
黎巴嫩,248,3月22日
黎巴嫩,256,3月23日
黎巴嫩,267,3月24日
黎巴嫩,333,3月25日
黎巴嫩,368,3月26日
黎巴嫩,391,3月27日
以色列,1,2月21日
以色列,2,2月24日
以色列,3,2月27日
以色列,8,2月28日
以色列,10,3月1日
以色列,12,3月3日
以色列,15,3月4日
以色列,17,3月6日
以色列,21,3月7日
以色列,25,3月8日
以色列,39,3月9日
以色列,58,3月10日
以色列,76,3月11日
以色列,104,3月12日
以色列,109,3月13日
以色列,154,3月14日
以色列,195,3月15日
以色列,344,3月16日
以色列,398,3月17日
以色列,521,3月18日
以色列,623,3月19日
以色列,799,3月20日
以色列,977,3月21日
以色列,1039,3月22日
以色列,1332,3月23日
以色列,1750,3月24日
以色列,2264,3月25日
以色列,2760,3月26日
以色列,3129,3月27日
阿富汗,1,2月24日
阿富汗,4,3月7日
阿富汗,5,3月10日
阿富汗,7,3月11日
阿富汗,10,3月14日
阿富汗,16,3月15日
阿富汗,22,3月17日
阿富汗,24,3月20日
阿富汗,34,3月22日
阿富汗,40,3月23日
阿富汗,42,3月24日
阿富汗,79,3月25日
阿富汗,84,3月26日
阿富汗,85,3月27日
阿曼,2,2月24日
阿曼,4,2月25日
阿曼,5,2月27日
阿曼,6,2月28日
阿曼,6,3月2日
阿曼,12,3月3日
阿曼,16,3月5日
阿曼,18,3月9日
阿曼,19,3月12日
阿曼,20,3月14日
阿曼,21,3月15日
阿曼,22,3月16日
阿曼,24,3月17日
阿曼,33,3月18日
阿曼,39,3月19日
阿曼,48,3月20日
阿曼,52,3月21日
阿曼,55,3月22日
阿曼,66,3月23日
阿曼,84,3月24日
阿曼,99,3月25日
阿曼,109,3月26日
阿曼,131,3月27日
巴林,1,2月24日
巴林,17,2月25日
巴林,26,2月26日
巴林,33,2月27日
巴林,36,2月28日
巴林,41,2月29日
巴林,47,3月2日
巴林,56,3月6日
巴林,109,3月9日
巴林,189,3月11日
巴林,195,3月12日
巴林,210,3月13日
巴林,211,3月14日
巴林,214,3月15日
巴林,221,3月16日
巴林,237,3月17日
巴林,256,3月18日
巴林,269,3月19日
巴林,306,3月21日
巴林,334,3月22日
巴林,339,3月23日
巴林,391,3月24日
巴林,419,3月25日
巴林,457,3月26日
巴林,466,3月27日
科威特,3,2月24日
科威特,8,2月25日
科威特,25,2月26日
科威特,43,2月27日
科威特,45,2月28日
科威特,46,3月1日
科威特,56,3月2日
科威特,58,3月5日
科威特,61,3月8日
科威特,65,3月9日
科威特,69,3月10日
科威特,72,3月11日
科威特,80,3月12日
科威特,100,3月13日
科威特,112,3月15日
科威特,123,3月16日
科威特,130,3月17日
科威特,142,3月18日
科威特,148,3月19日
科威特,159,3月20日
科威特,176,3月21日
科威特,188,3月22日
科威特,191,3月24日
科威特,204,3月26日
科威特,225,3月27日
伊拉克,1,2月24日
伊拉克,5,2月25日
伊拉克,6,2月27日
伊拉克,7,2月28日
伊拉克,8,2月29日
伊拉克,13,3月1日
伊拉克,21,3月2日
伊拉克,26,3月3日
伊拉克,31,3月4日
伊拉克,32,3月5日
伊拉克,38,3月6日
伊拉克,46,3月7日
伊拉克,54,3月8日
伊拉克,61,3月9日
伊拉克,67,3月10日
伊拉克,68,3月12日
伊拉克,83,3月13日
伊拉克,176,3月14日
伊拉克,176,3月15日
伊拉克,190,3月16日
伊拉克,220,3月17日
伊拉克,230,3月18日
伊拉克,243,3月19日
伊拉克,258,3月20日
伊拉克,274,3月21日
伊拉克,280,3月22日
伊拉克,299,3月23日
伊拉克,332,3月24日
伊拉克,412,3月25日
伊拉克,448,3月26日
伊拉克,524,3月27日
奥地利,2,2月25日
奥地利,3,2月27日
奥地利,5,2月28日
奥地利,10,3月1日
奥地利,14,3月2日
奥地利,16,3月3日
奥地利,24,3月4日
奥地利,41,3月6日
奥地利,55,3月7日
奥地利,79,3月8日
奥地利,102,3月9日
奥地利,157,3月10日
奥地利,182,3月11日
奥地利,246,3月12日
奥地利,361,3月13日
奥地利,504,3月14日
奥地利,860,3月16日
奥地利,1016,3月17日
奥地利,1332,3月18日
奥地利,1646,3月19日
奥地利,2013,3月20日
奥地利,2649,3月21日
奥地利,3244,3月23日
奥地利,3924,3月24日
奥地利,4876,3月25日
奥地利,5560,3月26日
克罗地亚,1,2月25日
克罗地亚,3,2月27日
克罗地亚,5,2月28日
克罗地亚,7,3月1日
克罗地亚,8,3月2日
克罗地亚,9,3月3日
克罗地亚,10,3月5日
克罗地亚,12,3月7日
克罗地亚,13,3月10日
克罗地亚,16,3月11日
克罗地亚,24,3月12日
克罗地亚,31,3月13日
克罗地亚,37,3月14日
克罗地亚,44,3月15日
克罗地亚,57,3月17日
克罗地亚,69,3月18日
克罗地亚,81,3月20日
克罗地亚,130,3月21日
克罗地亚,130,3月23日
克罗地亚,315,3月24日
克罗地亚,442,3月26日
瑞士,1,2月25日
瑞士,4,2月27日
瑞士,15,2月28日
瑞士,24,3月1日
瑞士,27,3月2日
瑞士,46,3月3日
瑞士,66,3月4日
瑞士,87,3月5日
瑞士,128,3月6日
瑞士,228,3月7日
瑞士,281,3月8日
瑞士,311,3月9日
瑞士,613,3月11日
瑞士,814,3月12日
瑞士,1009,3月13日
瑞士,1189,3月14日
瑞士,1563,3月15日
瑞士,2269,3月17日
瑞士,3040,3月18日
瑞士,3900,3月19日
瑞士,4194,3月20日
瑞士,6113,3月21日
瑞士,8790,3月24日
瑞士,12110,3月27日
阿尔及利亚,1,2月26日
阿尔及利亚,3,3月2日
阿尔及利亚,19,3月7日
阿尔及利亚,20,3月8日
阿尔及利亚,25,3月12日
阿尔及利亚,26,3月13日
阿尔及利亚,37,3月14日
阿尔及利亚,48,3月15日
阿尔及利亚,54,3月16日
阿尔及利亚,60,3月17日
阿尔及利亚,67,3月18日
阿尔及利亚,82,3月19日
阿尔及利亚,90,3月20日
阿尔及利亚,102,3月21日
阿尔及利亚,139,3月22日
阿尔及利亚,201,3月23日
阿尔及利亚,230,3月24日
阿尔及利亚,264,3月25日
阿尔及利亚,302,3月26日
巴西,1,2月26日
巴西,2,3月1日
巴西,3,3月5日
巴西,8,3月6日
巴西,13,3月7日
巴西,19,3月8日
巴西,25,3月9日
巴西,34,3月11日
巴西,52,3月12日
巴西,77,3月13日
巴西,98,3月14日
巴西,121,3月15日
巴西,200,3月16日
巴西,234,3月17日
巴西,320,3月18日
巴西,514,3月19日
巴西,621,3月20日
巴西,977,3月21日
巴西,1128,3月22日
巴西,2201,3月25日
巴西,2433,3月26日
希腊,1,2月26日
希腊,3,2月27日
希腊,4,2月28日
希腊,7,3月1日
希腊,9,3月4日
希腊,10,3月5日
希腊,45,3月6日
希腊,46,3月7日
希腊,73,3月8日
希腊,89,3月10日
希腊,117,3月12日
希腊,118,3月13日
希腊,190,3月14日
希腊,228,3月15日
希腊,331,3月16日
希腊,352,3月17日
希腊,387,3月18日
希腊,418,3月19日
希腊,495,3月21日
希腊,530,3月22日
希腊,624,3月23日
希腊,695,3月24日
希腊,743,3月25日
希腊,821,3月26日
爱沙尼亚,1,2月27日
爱沙尼亚,5,3月6日
爱沙尼亚,10,3月7日
爱沙尼亚,12,3月10日
爱沙尼亚,13,3月11日
爱沙尼亚,17,3月12日
爱沙尼亚,68,3月14日
爱沙尼亚,109,3月15日
爱沙尼亚,171,3月16日
爱沙尼亚,205,3月17日
爱沙尼亚,225,3月18日
爱沙尼亚,258,3月19日
爱沙尼亚,267,3月20日
爱沙尼亚,283,3月21日
爱沙尼亚,306,3月22日
爱沙尼亚,326,3月23日
爱沙尼亚,352,3月24日
爱沙尼亚,369,3月25日
爱沙尼亚,404,3月26日
巴基斯坦,2,2月27日
巴基斯坦,3,2月29日
巴基斯坦,4,3月2日
巴基斯坦,5,3月3日
巴基斯坦,6,3月6日
巴基斯坦,6,3月8日
巴基斯坦,7,3月9日
巴基斯坦,18,3月10日
巴基斯坦,20,3月11日
巴基斯坦,21,3月12日
巴基斯坦,22,3月13日
巴基斯坦,30,3月14日
巴基斯坦,53,3月15日
巴基斯坦,137,3月16日
巴基斯坦,212,3月17日
巴基斯坦,237,3月18日
巴基斯坦,301,3月19日
巴基斯坦,448,3月20日
巴基斯坦,510,3月21日
巴基斯坦,730,3月22日
巴基斯坦,799,3月23日
巴基斯坦,892,3月24日
巴基斯坦,998,3月25日
巴基斯坦,1016,3月26日
北马其顿,1,2月27日
北马其顿,3,3月7日
北马其顿,7,3月10日
北马其顿,9,3月12日
北马其顿,13,3月14日
北马其顿,18,3月16日
北马其顿,31,3月18日
北马其顿,35,3月19日
北马其顿,67,3月20日
北马其顿,76,3月21日
北马其顿,85,3月23日
北马其顿,136,3月24日
北马其顿,148,3月26日
北马其顿,177,3月27日
丹麦,1,2月27日
丹麦,3,2月29日
丹麦,4,3月2日
丹麦,6,3月3日
丹麦,10,3月4日
丹麦,15,3月5日
丹麦,20,3月6日
丹麦,27,3月7日
丹麦,35,3月9日
丹麦,113,3月10日
丹麦,340,3月11日
丹麦,615,3月12日
丹麦,785,3月13日
丹麦,827,3月14日
丹麦,864,3月16日
丹麦,914,3月17日
丹麦,1024,3月18日
丹麦,1057,3月19日
丹麦,1151,3月20日
丹麦,1337,3月21日
丹麦,1337,3月22日
丹麦,1395,3月23日
丹麦,1460,3月24日
丹麦,1591,3月25日
丹麦,1724,3月26日
格鲁吉亚,1,2月27日
格鲁吉亚,2,2月28日
格鲁吉亚,3,2月29日
格鲁吉亚,9,3月6日
格鲁吉亚,15,3月9日
格鲁吉亚,23,3月11日
格鲁吉亚,24,3月12日
格鲁吉亚,25,3月13日
格鲁吉亚,30,3月14日
格鲁吉亚,33,3月16日
格鲁吉亚,38,3月18日
格鲁吉亚,38,3月20日
格鲁吉亚,45,3月21日
格鲁吉亚,52,3月23日
格鲁吉亚,65,3月24日
格鲁吉亚,71,3月25日
格鲁吉亚,75,3月26日
格鲁吉亚,79,3月27日
罗马尼亚,1,2月27日
罗马尼亚,3,2月28日
罗马尼亚,3,3月3日
罗马尼亚,4,3月4日
罗马尼亚,6,3月5日
罗马尼亚,7,3月6日
罗马尼亚,9,3月7日
罗马尼亚,14,3月8日
罗马尼亚,15,3月9日
罗马尼亚,17,3月10日
罗马尼亚,31,3月11日
罗马尼亚,49,3月12日
罗马尼亚,70,3月13日
罗马尼亚,101,3月14日
罗马尼亚,123,3月15日
罗马尼亚,158,3月16日
罗马尼亚,217,3月18日
罗马尼亚,277,3月20日
罗马尼亚,308,3月21日
罗马尼亚,367,3月23日
罗马尼亚,762,3月24日
罗马尼亚,907,3月26日
挪威,1,2月27日
挪威,4,2月28日
挪威,7,2月29日
挪威,15,3月1日
挪威,19,3月2日
挪威,32,3月3日
挪威,34,3月4日
挪威,56,3月5日
挪威,86,3月6日
挪威,113,3月7日
挪威,157,3月8日
挪威,169,3月9日
挪威,192,3月10日
挪威,277,3月11日
挪威,703,3月12日
挪威,750,3月14日
挪威,907,3月15日
挪威,1331,3月17日
挪威,1471,3月18日
挪威,1562,3月19日
挪威,1758,3月20日
挪威,1959,3月21日
挪威,2170,3月22日
挪威,2260,3月23日
挪威,2573,3月24日
挪威,2796,3月25日
挪威,3041,3月26日
白俄罗斯,1,2月28日
白俄罗斯,2,3月4日
白俄罗斯,9,3月10日
白俄罗斯,12,3月11日
白俄罗斯,27,3月14日
白俄罗斯,36,3月17日
白俄罗斯,51,3月19日
白俄罗斯,69,3月20日
白俄罗斯,81,3月23日
白俄罗斯,86,3月25日
荷兰,2,2月28日
荷兰,4,2月29日
荷兰,10,3月1日
荷兰,24,3月3日
荷兰,82,3月6日
荷兰,128,3月7日
荷兰,265,3月8日
荷兰,321,3月9日
荷兰,382,3月10日
荷兰,614,3月12日
荷兰,804,3月13日
荷兰,959,3月15日
荷兰,1135,3月16日
荷兰,1413,3月17日
荷兰,1710,3月18日
荷兰,2460,3月19日
荷兰,2994,3月20日
荷兰,3631,3月21日
荷兰,4204,3月22日
荷兰,4749,3月23日
荷兰,5560,3月24日
荷兰,6412,3月25日
荷兰,7431,3月26日
荷兰,8603,3月27日
立陶宛,1,2月28日
立陶宛,3,3月11日
立陶宛,6,3月14日
立陶宛,8,3月15日
立陶宛,12,3月16日
立陶宛,17,3月17日
立陶宛,25,3月18日
立陶宛,33,3月19日
立陶宛,63,3月21日
立陶宛,83,3月22日
立陶宛,131,3月23日
立陶宛,160,3月24日
立陶宛,209,3月25日
立陶宛,255,3月26日
墨西哥,1,2月28日
墨西哥,3,2月29日
墨西哥,4,3月1日
墨西哥,5,3月2日
墨西哥,5,3月3日
墨西哥,6,3月7日
墨西哥,7,3月8日
墨西哥,11,3月12日
墨西哥,15,3月13日
墨西哥,26,3月14日
墨西哥,41,3月15日
墨西哥,53,3月16日
墨西哥,82,3月17日
墨西哥,93,3月18日
墨西哥,118,3月19日
墨西哥,164,3月20日
墨西哥,203,3月21日
墨西哥,251,3月22日
墨西哥,316,3月23日
墨西哥,370,3月24日
墨西哥,405,3月25日
墨西哥,475,3月26日
墨西哥,585,3月27日
尼日利亚,1,2月28日
尼日利亚,2,3月9日
尼日利亚,3,3月17日
尼日利亚,12,3月19日
尼日利亚,22,3月21日
尼日利亚,26,3月22日
尼日利亚,36,3月23日
尼日利亚,44,3月25日
尼日利亚,51,3月26日
尼日利亚,65,3月27日
新西兰,1,2月28日
新西兰,2,3月4日
新西兰,3,3月5日
新西兰,4,3月6日
新西兰,5,3月7日
新西兰,6,3月14日
新西兰,8,3月15日
新西兰,11,3月17日
新西兰,20,3月18日
新西兰,28,3月19日
新西兰,39,3月20日
新西兰,53,3月21日
新西兰,67,3月22日
新西兰,102,3月23日
新西兰,142,3月24日
新西兰,205,3月25日
新西兰,278,3月26日
阿塞拜疆,3,2月29日
阿塞拜疆,13,3月11日
阿塞拜疆,15,3月12日
阿塞拜疆,19,3月13日
阿塞拜疆,19,3月14日
阿塞拜疆,23,3月15日
阿塞拜疆,25,3月16日
阿塞拜疆,28,3月17日
阿塞拜疆,34,3月18日
阿塞拜疆,44,3月21日
阿塞拜疆,72,3月23日
阿塞拜疆,93,3月25日
阿塞拜疆,122,3月26日
阿塞拜疆,165,3月27日
冰岛,1,2月29日
冰岛,3,3月2日
冰岛,9,3月3日
冰岛,20,3月4日
冰岛,26,3月5日
冰岛,37,3月6日
冰岛,45,3月7日
冰岛,50,3月8日
冰岛,58,3月9日
冰岛,60,3月10日
冰岛,81,3月11日
冰岛,109,3月12日
冰岛,156,3月14日
冰岛,177,3月16日
冰岛,180,3月17日
冰岛,247,3月18日
冰岛,330,3月20日
冰岛,409,3月21日
冰岛,473,3月22日
冰岛,568,3月23日
冰岛,588,3月24日
冰岛,648,3月25日
冰岛,739,3月26日
卡塔尔,1,2月29日
卡塔尔,8,3月4日
卡塔尔,18,3月10日
卡塔尔,24,3月11日
卡塔尔,263,3月12日
卡塔尔,338,3月14日
卡塔尔,338,3月15日
卡塔尔,440,3月16日
卡塔尔,443,3月18日
卡塔尔,453,3月19日
卡塔尔,471,3月21日
卡塔尔,482,3月22日
卡塔尔,495,3月23日
卡塔尔,502,3月24日
卡塔尔,527,3月25日
卡塔尔,538,3月26日
摩纳哥,1,2月29日
摩纳哥,2,3月12日
摩纳哥,3,3月15日
摩纳哥,7,3月16日
摩纳哥,9,3月17日
摩纳哥,11,3月20日
摩纳哥,12,3月21日
摩纳哥,18,3月22日
摩纳哥,23,3月23日
摩纳哥,27,3月25日
摩纳哥,31,3月26日
爱尔兰,1,3月1日
爱尔兰,2,3月4日
爱尔兰,13,3月6日
爱尔兰,18,3月7日
爱尔兰,19,3月8日
爱尔兰,21,3月9日
爱尔兰,24,3月10日
爱尔兰,34,3月11日
爱尔兰,43,3月12日
爱尔兰,70,3月13日
爱尔兰,90,3月14日
爱尔兰,129,3月15日
爱尔兰,169,3月16日
爱尔兰,223,3月17日
爱尔兰,292,3月18日
爱尔兰,366,3月19日
爱尔兰,557,3月20日
爱尔兰,683,3月21日
爱尔兰,785,3月22日
爱尔兰,906,3月23日
爱尔兰,1125,3月24日
爱尔兰,1329,3月25日
爱尔兰,1564,3月26日
爱尔兰,1819,3月27日
多米尼加,1,3月1日
多米尼加,5,3月10日
多米尼加,10,3月17日
多米尼加,26,3月20日
多米尼加,72,3月21日
多米尼加,72,3月23日
多米尼加,245,3月24日
多米尼加,312,3月26日
多米尼加,392,3月27日
厄瓜多尔,1,3月1日
厄瓜多尔,6,3月2日
厄瓜多尔,10,3月5日
厄瓜多尔,13,3月6日
厄瓜多尔,23,3月14日
厄瓜多尔,37,3月17日
厄瓜多尔,111,3月18日
厄瓜多尔,168,3月19日
厄瓜多尔,260,3月20日
厄瓜多尔,426,3月21日
厄瓜多尔,506,3月23日
厄瓜多尔,790,3月24日
厄瓜多尔,790,3月26日
厄瓜多尔,1382,3月27日
卢森堡,1,3月1日
卢森堡,3,3月7日
卢森堡,5,3月9日
卢森堡,7,3月12日
卢森堡,59,3月15日
卢森堡,81,3月16日
卢森堡,203,3月18日
卢森堡,335,3月19日
卢森堡,484,3月20日
卢森堡,670,3月21日
卢森堡,798,3月22日
卢森堡,875,3月24日
卢森堡,1099,3月25日
卢森堡,1333,3月26日
圣马力诺,1,3月1日
圣马力诺,23,3月6日
圣马力诺,26,3月8日
圣马力诺,36,3月9日
圣马力诺,47,3月11日
圣马力诺,54,3月12日
圣马力诺,58,3月14日
圣马力诺,83,3月16日
圣马力诺,104,3月18日
圣马力诺,104,3月20日
圣马力诺,129,3月21日
圣马力诺,136,3月23日
圣马力诺,172,3月24日
圣马力诺,172,3月26日
圣马力诺,193,3月27日
亚美尼亚,1,3月1日
亚美尼亚,4,3月12日
亚美尼亚,20,3月15日
亚美尼亚,28,3月16日
亚美尼亚,45,3月17日
亚美尼亚,59,3月18日
亚美尼亚,103,3月19日
亚美尼亚,117,3月20日
亚美尼亚,141,3月22日
亚美尼亚,171,3月23日
亚美尼亚,216,3月24日
亚美尼亚,246,3月25日
亚美尼亚,271,3月26日
亚美尼亚,329,3月27日
安道尔,1,3月2日
安道尔,1,3月8日
安道尔,2,3月13日
安道尔,15,3月17日
安道尔,39,3月18日
安道尔,54,3月19日
安道尔,75,3月20日
安道尔,88,3月21日
安道尔,114,3月22日
安道尔,133,3月23日
安道尔,164,3月24日
安道尔,185,3月25日
安道尔,220,3月26日
安道尔,263,3月27日
捷克,3,3月2日
捷克,4,3月3日
捷克,8,3月5日
捷克,12,3月6日
捷克,18,3月7日
捷克,21,3月8日
捷克,32,3月9日
捷克,40,3月10日
捷克,61,3月11日
捷克,96,3月12日
捷克,141,3月14日
捷克,189,3月15日
捷克,293,3月16日
捷克,344,3月17日
捷克,434,3月18日
捷克,572,3月19日
捷克,774,3月20日
捷克,833,3月21日
捷克,1047,3月22日
捷克,1165,3月23日
捷克,1236,3月24日
捷克,1497,3月25日
捷克,1654,3月26日
捷克,1791,3月27日
印度尼西亚,2,3月2日
印度尼西亚,4,3月6日
印度尼西亚,6,3月8日
印度尼西亚,19,3月9日
印度尼西亚,27,3月10日
印度尼西亚,34,3月11日
印度尼西亚,69,3月13日
印度尼西亚,96,3月14日
印度尼西亚,117,3月15日
印度尼西亚,134,3月16日
印度尼西亚,172,3月17日
印度尼西亚,227,3月18日
印度尼西亚,309,3月19日
印度尼西亚,369,3月20日
印度尼西亚,450,3月21日
印度尼西亚,514,3月22日
印度尼西亚,579,3月23日
印度尼西亚,686,3月24日
印度尼西亚,790,3月25日
印度尼西亚,893,3月26日
印度尼西亚,1046,3月27日
约旦,1,3月2日
约旦,1,3月14日
约旦,7,3月15日
约旦,16,3月16日
约旦,34,3月17日
约旦,49,3月18日
约旦,57,3月19日
约旦,70,3月20日
约旦,85,3月21日
约旦,99,3月22日
约旦,112,3月23日
约旦,127,3月24日
约旦,153,3月25日
约旦,172,3月26日
拉脱维亚,1,3月3日
拉脱维亚,6,3月9日
拉脱维亚,8,3月10日
拉脱维亚,16,3月12日
拉脱维亚,18,3月14日
拉脱维亚,30,3月15日
拉脱维亚,34,3月17日
拉脱维亚,60,3月18日
拉脱维亚,71,3月19日
拉脱维亚,86,3月20日
拉脱维亚,111,3月21日
拉脱维亚,124,3月22日
拉脱维亚,139,3月23日
拉脱维亚,180,3月24日
拉脱维亚,197,3月25日
拉脱维亚,221,3月26日
摩洛哥,1,3月3日
摩洛哥,1,3月5日
摩洛哥,3,3月10日
摩洛哥,5,3月11日
摩洛哥,6,3月12日
摩洛哥,7,3月13日
摩洛哥,28,3月15日
摩洛哥,29,3月16日
摩洛哥,38,3月17日
摩洛哥,49,3月18日
摩洛哥,58,3月19日
摩洛哥,66,3月20日
摩洛哥,86,3月21日
摩洛哥,96,3月22日
摩洛哥,122,3月23日
摩洛哥,143,3月24日
摩洛哥,170,3月25日
摩洛哥,225,3月26日
塞内加尔,1,3月3日
塞内加尔,2,3月4日
塞内加尔,4,3月5日
塞内加尔,10,3月13日
塞内加尔,21,3月14日
塞内加尔,22,3月15日
塞内加尔,27,3月17日
塞内加尔,31,3月18日
塞内加尔,36,3月19日
塞内加尔,38,3月20日
塞内加尔,47,3月21日
塞内加尔,56,3月22日
塞内加尔,67,3月23日
塞内加尔,79,3月24日
塞内加尔,86,3月25日
塞内加尔,105,3月26日
塞内加尔,119,3月27日
沙特阿拉伯,1,3月3日
沙特阿拉伯,2,3月5日
沙特阿拉伯,5,3月6日
沙特阿拉伯,7,3月7日
沙特阿拉伯,11,3月8日
沙特阿拉伯,15,3月9日
沙特阿拉伯,20,3月10日
沙特阿拉伯,21,3月11日
沙特阿拉伯,45,3月12日
沙特阿拉伯,62,3月13日
沙特阿拉伯,86,3月14日
沙特阿拉伯,103,3月15日
沙特阿拉伯,118,3月16日
沙特阿拉伯,133,3月17日
沙特阿拉伯,171,3月18日
沙特阿拉伯,238,3月19日
沙特阿拉伯,274,3月20日
沙特阿拉伯,344,3月21日
沙特阿拉伯,511,3月22日
沙特阿拉伯,562,3月23日
沙特阿拉伯,767,3月24日
沙特阿拉伯,900,3月25日
沙特阿拉伯,1012,3月26日
沙特阿拉伯,1104,3月27日
突尼斯,1,3月3日
突尼斯,2,3月9日
突尼斯,5,3月10日
突尼斯,7,3月12日
突尼斯,13,3月13日
突尼斯,18,3月15日
突尼斯,20,3月16日
突尼斯,24,3月18日
突尼斯,39,3月19日
突尼斯,60,3月21日
突尼斯,75,3月22日
突尼斯,89,3月23日
突尼斯,114,3月24日
突尼斯,173,3月26日
突尼斯,227,3月27日
乌克兰,1,3月3日
乌克兰,3,3月13日
乌克兰,5,3月16日
乌克兰,7,3月17日
乌克兰,14,3月18日
乌克兰,26,3月20日
乌克兰,41,3月21日
乌克兰,47,3月22日
乌克兰,73,3月23日
乌克兰,97,3月24日
乌克兰,113,3月25日
乌克兰,156,3月26日
乌克兰,218,3月27日
阿根廷,1,3月4日
阿根廷,2,3月6日
阿根廷,8,3月7日
阿根廷,8,3月8日
阿根廷,12,3月9日
阿根廷,17,3月10日
阿根廷,19,3月11日
阿根廷,21,3月12日
阿根廷,31,3月13日
阿根廷,34,3月14日
阿根廷,45,3月15日
阿根廷,65,3月17日
阿根廷,79,3月18日
阿根廷,97,3月19日
阿根廷,128,3月20日
阿根廷,158,3月21日
阿根廷,225,3月22日
阿根廷,266,3月23日
阿根廷,301,3月24日
阿根廷,387,3月25日
阿根廷,502,3月26日
波兰,1,3月4日
波兰,5,3月7日
波兰,8,3月8日
波兰,16,3月9日
波兰,20,3月10日
波兰,25,3月11日
波兰,47,3月12日
波兰,51,3月13日
波兰,68,3月14日
波兰,104,3月15日
波兰,125,3月16日
波兰,205,3月17日
波兰,238,3月18日
波兰,287,3月19日
波兰,355,3月20日
波兰,425,3月21日
波兰,593,3月22日
波兰,634,3月23日
波兰,749,3月24日
波兰,901,3月25日
波兰,901,3月27日
智利,1,3月4日
智利,3,3月5日
智利,4,3月6日
智利,7,3月8日
智利,8,3月9日
智利,13,3月10日
智利,17,3月11日
智利,23,3月12日
智利,33,3月13日
智利,43,3月14日
智利,61,3月15日
智利,75,3月16日
智利,156,3月17日
智利,201,3月18日
智利,238,3月19日
智利,342,3月20日
智利,434,3月21日
智利,537,3月22日
智利,632,3月23日
智利,746,3月24日
智利,922,3月25日
智利,1306,3月27日
波黑,2,3月5日
波黑,3,3月7日
波黑,5,3月10日
波黑,7,3月11日
波黑,11,3月12日
波黑,13,3月13日
波黑,21,3月15日
波黑,24,3月16日
波黑,34,3月18日
波黑,64,3月20日
波黑,89,3月21日
波黑,93,3月22日
波黑,131,3月24日
波黑,176,3月26日
尚不明确,2,3月5日
斯洛文尼亚,1,3月5日
斯洛文尼亚,7,3月6日
斯洛文尼亚,16,3月8日
斯洛文尼亚,31,3月10日
斯洛文尼亚,47,3月11日
斯洛文尼亚,89,3月12日
斯洛文尼亚,141,3月13日
斯洛文尼亚,181,3月14日
斯洛文尼亚,181,3月15日
斯洛文尼亚,219,3月16日
斯洛文尼亚,253,3月17日
斯洛文尼亚,275,3月18日
斯洛文尼亚,286,3月20日
斯洛文尼亚,341,3月21日
斯洛文尼亚,414,3月23日
斯洛文尼亚,442,3月24日
斯洛文尼亚,526,3月26日
斯洛文尼亚,528,3月27日
匈牙利,2,3月5日
匈牙利,4,3月6日
匈牙利,5,3月8日
匈牙利,9,3月9日
匈牙利,12,3月11日
匈牙利,13,3月12日
匈牙利,16,3月13日
匈牙利,25,3月14日
匈牙利,32,3月15日
匈牙利,50,3月17日
匈牙利,58,3月18日
匈牙利,73,3月19日
匈牙利,85,3月20日
匈牙利,103,3月21日
匈牙利,131,3月22日
匈牙利,167,3月23日
匈牙利,187,3月24日
匈牙利,226,3月25日
匈牙利,261,3月26日
匈牙利,300,3月27日
巴勒斯坦,7,3月6日
巴勒斯坦,16,3月7日
巴勒斯坦,19,3月8日
巴勒斯坦,30,3月11日
巴勒斯坦,31,3月13日
巴勒斯坦,35,3月14日
巴勒斯坦,38,3月15日
巴勒斯坦,41,3月18日
巴勒斯坦,44,3月19日
巴勒斯坦,47,3月20日
巴勒斯坦,52,3月21日
巴勒斯坦,59,3月22日
巴勒斯坦,60,3月25日
巴勒斯坦,64,3月26日
巴勒斯坦,84,3月27日
不丹,1,3月6日
不丹,2,3月21日
多哥,1,3月6日
多哥,9,3月20日
多哥,16,3月21日
多哥,18,3月24日
多哥,20,3月26日
多哥,23,3月27日
梵蒂冈,1,3月6日
梵蒂冈,4,3月27日
喀麦隆,1,3月6日
喀麦隆,2,3月7日
喀麦隆,3,3月14日
喀麦隆,5,3月16日
喀麦隆,10,3月17日
喀麦隆,13,3月19日
喀麦隆,21,3月20日
喀麦隆,27,3月21日
喀麦隆,40,3月22日
喀麦隆,56,3月23日
喀麦隆,62,3月24日
喀麦隆,72,3月25日
喀麦隆,75,3月26日
喀麦隆,88,3月27日
秘鲁,1,3月6日
秘鲁,6,3月8日
秘鲁,7,3月9日
秘鲁,11,3月11日
秘鲁,15,3月12日
秘鲁,22,3月13日
秘鲁,28,3月14日
秘鲁,71,3月16日
秘鲁,117,3月18日
秘鲁,145,3月19日
秘鲁,234,3月20日
秘鲁,263,3月21日
秘鲁,318,3月22日
秘鲁,363,3月23日
秘鲁,395,3月24日
秘鲁,480,3月26日
秘鲁,580,3月27日
南非,1,3月6日
南非,2,3月7日
南非,3,3月9日
南非,7,3月10日
南非,17,3月12日
南非,24,3月13日
南非,38,3月14日
南非,51,3月15日
南非,62,3月16日
南非,116,3月18日
南非,150,3月20日
南非,240,3月21日
南非,402,3月23日
南非,709,3月25日
南非,709,3月27日
葡萄牙,1,3月6日
葡萄牙,15,3月7日
葡萄牙,30,3月9日
葡萄牙,31,3月10日
葡萄牙,59,3月12日
葡萄牙,245,3月16日
葡萄牙,448,3月18日
葡萄牙,642,3月19日
葡萄牙,642,3月20日
葡萄牙,1020,3月21日
葡萄牙,1600,3月22日
葡萄牙,1600,3月23日
葡萄牙,2362,3月24日
葡萄牙,2362,3月25日
葡萄牙,2995,3月26日
塞尔维亚,1,3月6日
塞尔维亚,4,3月10日
塞尔维亚,12,3月11日
塞尔维亚,19,3月12日
塞尔维亚,31,3月13日
塞尔维亚,41,3月14日
塞尔维亚,46,3月15日
塞尔维亚,55,3月16日
塞尔维亚,65,3月17日
塞尔维亚,85,3月18日
塞尔维亚,89,3月19日
塞尔维亚,118,3月20日
塞尔维亚,149,3月21日
塞尔维亚,222,3月23日
塞尔维亚,256,3月24日
塞尔维亚,384,3月25日
塞尔维亚,457,3月26日
塞尔维亚,528,3月27日
斯洛伐克,1,3月6日
斯洛伐克,3,3月7日
斯洛伐克,5,3月9日
斯洛伐克,7,3月10日
斯洛伐克,16,3月12日
斯洛伐克,32,3月14日
斯洛伐克,44,3月15日
斯洛伐克,61,3月16日
斯洛伐克,72,3月17日
斯洛伐克,97,3月18日
斯洛伐克,105,3月19日
斯洛伐克,123,3月20日
斯洛伐克,137,3月21日
斯洛伐克,178,3月22日
斯洛伐克,185,3月23日
斯洛伐克,186,3月24日
斯洛伐克,204,3月25日
斯洛伐克,216,3月26日
斯洛伐克,259,3月27日
哥伦比亚,1,3月7日
哥伦比亚,3,3月9日
哥伦比亚,9,3月12日
哥伦比亚,22,3月14日
哥伦比亚,24,3月15日
哥伦比亚,57,3月17日
哥伦比亚,75,3月18日
哥伦比亚,102,3月19日
哥伦比亚,158,3月21日
哥伦比亚,210,3月22日
哥伦比亚,235,3月23日
哥伦比亚,277,3月24日
哥伦比亚,470,3月26日
哥伦比亚,491,3月27日
哥斯达黎加,1,3月7日
哥斯达黎加,9,3月9日
哥斯达黎加,13,3月11日
哥斯达黎加,22,3月12日
哥斯达黎加,35,3月16日
哥斯达黎加,41,3月17日
哥斯达黎加,50,3月18日
哥斯达黎加,69,3月19日
哥斯达黎加,87,3月20日
哥斯达黎加,113,3月21日
哥斯达黎加,117,3月22日
哥斯达黎加,134,3月23日
哥斯达黎加,158,3月24日
哥斯达黎加,201,3月26日
哥斯达黎加,231,3月27日
马耳他,1,3月7日
马耳他,5,3月11日
马耳他,6,3月12日
马耳他,18,3月15日
马耳他,21,3月17日
马耳他,38,3月18日
马耳他,48,3月20日
马耳他,64,3月21日
马耳他,90,3月23日
马耳他,107,3月24日
马耳他,120,3月26日
马耳他,129,3月27日
巴拉圭,1,3月8日
巴拉圭,6,3月11日
巴拉圭,7,3月14日
巴拉圭,8,3月17日
巴拉圭,9,3月18日
巴拉圭,11,3月20日
巴拉圭,18,3月21日
巴拉圭,22,3月22日
巴拉圭,37,3月25日
保加利亚,4,3月8日
保加利亚,6,3月11日
保加利亚,7,3月12日
保加利亚,23,3月13日
保加利亚,30,3月14日
保加利亚,43,3月15日
保加利亚,51,3月16日
保加利亚,81,3月18日
保加利亚,92,3月19日
保加利亚,107,3月20日
保加利亚,127,3月21日
保加利亚,163,3月22日
保加利亚,187,3月23日
保加利亚,201,3月24日
保加利亚,218,3月25日
保加利亚,242,3月26日
孟加拉国,3,3月8日
孟加拉国,8,3月16日
孟加拉国,14,3月18日
孟加拉国,17,3月19日
孟加拉国,20,3月20日
孟加拉国,24,3月21日
孟加拉国,27,3月22日
孟加拉国,33,3月24日
孟加拉国,44,3月26日
孟加拉国,48,3月27日
摩尔多瓦,1,3月8日
摩尔多瓦,3,3月12日
摩尔多瓦,6,3月13日
摩尔多瓦,8,3月14日
摩尔多瓦,12,3月15日
摩尔多瓦,23,3月16日
摩尔多瓦,30,3月18日
摩尔多瓦,36,3月19日
摩尔多瓦,49,3月20日
摩尔多瓦,66,3月21日
摩尔多瓦,80,3月22日
摩尔多瓦,94,3月23日
摩尔多瓦,109,3月24日
摩尔多瓦,125,3月25日
摩尔多瓦,149,3月26日
马尔代夫,4,3月9日
马尔代夫,6,3月10日
马尔代夫,9,3月13日
马尔代夫,10,3月14日
马尔代夫,13,3月15日
文莱,1,3月9日
文莱,6,3月10日
文莱,11,3月11日
文莱,25,3月12日
文莱,36,3月13日
文莱,40,3月14日
文莱,54,3月16日
文莱,56,3月17日
文莱,68,3月18日
文莱,73,3月19日
文莱,78,3月20日
文莱,83,3月21日
文莱,88,3月22日
文莱,91,3月23日
文莱,109,3月25日
文莱,114,3月26日
文莱,115,3月27日
?圣马力诺,15,3月10日
阿尔巴尼亚,6,3月10日
阿尔巴尼亚,10,3月11日
阿尔巴尼亚,23,3月12日
阿尔巴尼亚,33,3月13日
阿尔巴尼亚,38,3月15日
阿尔巴尼亚,42,3月16日
阿尔巴尼亚,55,3月18日
阿尔巴尼亚,59,3月20日
阿尔巴尼亚,70,3月21日
阿尔巴尼亚,76,3月22日
阿尔巴尼亚,104,3月24日
阿尔巴尼亚,123,3月25日
阿尔巴尼亚,146,3月26日
阿尔巴尼亚,186,3月27日
巴拿马,1,3月10日
巴拿马,8,3月11日
巴拿马,11,3月12日
巴拿马,27,3月13日
巴拿马,36,3月14日
巴拿马,43,3月15日
巴拿马,69,3月17日
巴拿马,86,3月18日
巴拿马,109,3月19日
巴拿马,135,3月20日
巴拿马,200,3月21日
巴拿马,313,3月23日
巴拿马,345,3月24日
巴拿马,443,3月25日
巴拿马,558,3月26日
巴拿马,558,3月27日
布基纳法索,2,3月10日
布基纳法索,3,3月15日
布基纳法索,15,3月16日
布基纳法索,27,3月18日
布基纳法索,33,3月20日
布基纳法索,40,3月21日
布基纳法索,64,3月22日
布基纳法索,72,3月23日
布基纳法索,114,3月24日
布基纳法索,146,3月26日
布基纳法索,152,3月27日
刚果（金）,1,3月10日
刚果（金）,2,3月13日
刚果（金）,3,3月15日
刚果（金）,7,3月18日
刚果（金）,18,3月20日
刚果（金）,23,3月21日
刚果（金）,30,3月22日
刚果（金）,30,3月23日
刚果（金）,45,3月24日
刚果（金）,48,3月25日
刚果（金）,51,3月26日
刚果（金）,54,3月27日
蒙古,1,3月10日
蒙古,4,3月17日
蒙古,5,3月18日
蒙古,10,3月21日
蒙古,11,3月26日
塞浦路斯,2,3月10日
塞浦路斯,7,3月12日
塞浦路斯,14,3月13日
塞浦路斯,21,3月14日
塞浦路斯,33,3月16日
塞浦路斯,49,3月18日
塞浦路斯,58,3月19日
塞浦路斯,67,3月20日
塞浦路斯,75,3月21日
塞浦路斯,84,3月22日
塞浦路斯,95,3月23日
塞浦路斯,116,3月24日
塞浦路斯,124,3月25日
塞浦路斯,132,3月26日
玻利维亚,2,3月11日
玻利维亚,3,3月13日
玻利维亚,11,3月17日
玻利维亚,12,3月20日
玻利维亚,17,3月21日
玻利维亚,19,3月23日
玻利维亚,27,3月24日
玻利维亚,28,3月26日
玻利维亚,39,3月27日
洪都拉斯,2,3月11日
洪都拉斯,9,3月18日
洪都拉斯,24,3月20日
洪都拉斯,30,3月24日
洪都拉斯,52,3月26日
洪都拉斯,68,3月27日
土耳其,1,3月11日
土耳其,2,3月13日
土耳其,5,3月14日
土耳其,6,3月15日
土耳其,18,3月16日
土耳其,47,3月17日
土耳其,98,3月18日
土耳其,191,3月19日
土耳其,359,3月20日
土耳其,670,3月21日
土耳其,947,3月22日
土耳其,1236,3月23日
土耳其,1529,3月24日
土耳其,1872,3月25日
土耳其,2433,3月26日
土耳其,3629,3月27日
牙买加,1,3月11日
牙买加,7,3月14日
牙买加,8,3月16日
牙买加,10,3月17日
牙买加,12,3月18日
牙买加,15,3月19日
牙买加,16,3月23日
牙买加,19,3月24日
牙买加,21,3月26日
牙买加,26,3月27日
古巴,3,3月12日
古巴,4,3月13日
古巴,10,3月19日
古巴,16,3月20日
古巴,21,3月21日
古巴,40,3月24日
古巴,48,3月26日
古巴,57,3月27日
圭亚那,1,3月12日
圭亚那,4,3月16日
圭亚那,5,3月20日
科特迪瓦,1,3月12日
科特迪瓦,4,3月15日
科特迪瓦,6,3月17日
科特迪瓦,9,3月21日
科特迪瓦,14,3月22日
科特迪瓦,25,3月24日
科特迪瓦,73,3月25日
科特迪瓦,96,3月27日
埃塞俄比亚,1,3月13日
埃塞俄比亚,4,3月15日
埃塞俄比亚,5,3月16日
埃塞俄比亚,6,3月18日
埃塞俄比亚,9,3月20日
埃塞俄比亚,9,3月21日
埃塞俄比亚,11,3月22日
埃塞俄比亚,12,3月24日
埃塞俄比亚,16,3月27日
法属波利尼西亚,1,3月13日
法属波利尼西亚,3,3月15日
法属波利尼西亚,11,3月21日
法属波利尼西亚,15,3月23日
法属波利尼西亚,18,3月24日
法属波利尼西亚,25,3月26日
哈萨克斯坦,3,3月13日
哈萨克斯坦,6,3月14日
哈萨克斯坦,8,3月15日
哈萨克斯坦,32,3月17日
哈萨克斯坦,33,3月18日
哈萨克斯坦,44,3月19日
哈萨克斯坦,49,3月20日
哈萨克斯坦,53,3月21日
哈萨克斯坦,54,3月22日
哈萨克斯坦,56,3月23日
哈萨克斯坦,66,3月24日
哈萨克斯坦,80,3月25日
哈萨克斯坦,97,3月26日
哈萨克斯坦,135,3月27日
几内亚,1,3月13日
几内亚,2,3月20日
几内亚,4,3月24日
加纳,2,3月13日
加纳,6,3月15日
加纳,7,3月18日
加纳,9,3月19日
加纳,16,3月20日
加纳,19,3月21日
加纳,21,3月22日
加纳,24,3月23日
加纳,52,3月24日
加纳,68,3月25日
加纳,132,3月26日
加纳,136,3月27日
加蓬,1,3月13日
加蓬,3,3月18日
加蓬,3,3月20日
加蓬,4,3月21日
加蓬,5,3月22日
加蓬,6,3月24日
加蓬,7,3月27日
肯尼亚,1,3月13日
肯尼亚,3,3月15日
肯尼亚,4,3月17日
肯尼亚,7,3月18日
肯尼亚,15,3月22日
肯尼亚,16,3月23日
肯尼亚,25,3月24日
肯尼亚,28,3月25日
肯尼亚,31,3月26日
苏丹,1,3月13日
苏丹,1,3月14日
苏丹,2,3月21日
苏丹,3,3月24日
特立尼达和多巴哥,1,3月13日
特立尼达和多巴哥,2,3月17日
特立尼达和多巴哥,5,3月18日
特立尼达和多巴哥,7,3月20日
特立尼达和多巴哥,9,3月21日
特立尼达和多巴哥,51,3月24日
特立尼达和多巴哥,57,3月26日
特立尼达和多巴哥,60,3月27日
安提瓜和巴布达,1,3月14日
安提瓜和巴布达,3,3月26日
波多黎各,3,3月14日
波多黎各,6,3月21日
波多黎各,21,3月23日
波多黎各,31,3月24日
波多黎各,39,3月26日
波多黎各,51,3月27日
赤道几内亚,0,3月14日
赤道几内亚,1,3月15日
赤道几内亚,3,3月18日
赤道几内亚,6,3月20日
赤道几内亚,9,3月23日
赤道几内亚,11,3月26日
卢旺达,1,3月14日
卢旺达,5,3月16日
卢旺达,7,3月17日
卢旺达,11,3月20日
卢旺达,17,3月21日
卢旺达,40,3月25日
卢旺达,41,3月26日
卢旺达,50,3月27日
毛里塔尼亚,1,3月14日
毛里塔尼亚,2,3月20日
毛里塔尼亚,3,3月26日
纳米比亚,1,3月14日
纳米比亚,2,3月15日
纳米比亚,3,3月21日
纳米比亚,4,3月24日
纳米比亚,7,3月25日
纳米比亚,8,3月27日
斯威士兰,1,3月14日
斯威士兰,4,3月21日
斯威士兰,5,3月24日
苏里南,1,3月14日
苏里南,3,3月20日
苏里南,6,3月21日
苏里南,7,3月22日
危地马拉,1,3月14日
危地马拉,1,3月16日
危地马拉,6,3月18日
危地马拉,9,3月21日
危地马拉,17,3月22日
危地马拉,20,3月24日
危地马拉,21,3月26日
危地马拉,24,3月27日
委内瑞拉,2,3月14日
委内瑞拉,10,3月15日
委内瑞拉,33,3月18日
委内瑞拉,42,3月20日
委内瑞拉,65,3月21日
委内瑞拉,70,3月22日
委内瑞拉,77,3月23日
委内瑞拉,106,3月26日
乌拉圭,4,3月14日
乌拉圭,6,3月15日
乌拉圭,50,3月18日
乌拉圭,79,3月19日
乌拉圭,94,3月20日
乌拉圭,110,3月21日
乌拉圭,135,3月22日
乌拉圭,135,3月23日
乌拉圭,162,3月24日
乌拉圭,189,3月25日
乌拉圭,217,3月26日
法罗群岛,9,3月15日
法罗群岛,11,3月17日
法罗群岛,47,3月18日
法罗群岛,58,3月20日
法罗群岛,72,3月21日
法罗群岛,92,3月23日
法罗群岛,118,3月24日
法罗群岛,122,3月26日
法罗群岛,132,3月27日
法属圭亚那,7,3月15日
法属圭亚那,11,3月20日
法属圭亚那,15,3月21日
法属圭亚那,20,3月24日
法属圭亚那,23,3月26日
法属圭亚那,28,3月27日
法属圣马丁,2,3月15日
法属圣马丁,4,3月20日
法属圣马丁,8,3月24日
法属圣马丁,11,3月27日
刚果（布）,1,3月15日
刚果（布）,3,3月20日
刚果（布）,4,3月22日
根西岛,1,3月15日
根西岛,20,3月24日
根西岛,23,3月26日
根西岛,30,3月27日
瓜德罗普,1,3月15日
瓜德罗普,6,3月17日
瓜德罗普,18,3月18日
瓜德罗普,33,3月20日
瓜德罗普,45,3月21日
瓜德罗普,51,3月23日
瓜德罗普,62,3月24日
瓜德罗普,135,3月26日
开曼群岛,1,3月15日
开曼群岛,1,3月16日
开曼群岛,3,3月21日
开曼群岛,5,3月24日
开曼群岛,8,3月27日
库拉索,2,3月15日
库拉索,3,3月18日
库拉索,3,3月23日
库拉索,4,3月24日
库拉索,6,3月26日
留尼旺,6,3月15日
留尼旺,9,3月17日
留尼旺,12,3月20日
留尼旺,28,3月21日
留尼旺,47,3月23日
留尼旺,71,3月24日
留尼旺,83,3月26日
马提尼克岛,10,3月15日
马提尼克岛,16,3月17日
马提尼克岛,23,3月20日
马提尼克岛,32,3月21日
马提尼克岛,53,3月24日
马提尼克岛,57,3月26日
马提尼克岛,66,3月27日
马约特,1,3月15日
马约特,3,3月20日
马约特,6,3月21日
马约特,11,3月23日
马约特,24,3月24日
马约特,30,3月26日
马约特,35,3月27日
毛里求斯,1,3月15日
毛里求斯,3,3月19日
毛里求斯,7,3月20日
毛里求斯,14,3月21日
毛里求斯,24,3月22日
毛里求斯,28,3月23日
毛里求斯,36,3月24日
毛里求斯,48,3月25日
毛里求斯,81,3月26日
毛里求斯,94,3月27日
塞舌尔,2,3月15日
塞舌尔,4,3月16日
塞舌尔,6,3月20日
塞舌尔,7,3月23日
圣巴托洛缪岛,1,3月15日
圣巴托洛缪岛,3,3月17日
圣文森特和格林纳丁斯,1,3月15日
泽西岛,2,3月15日
泽西岛,5,3月18日
泽西岛,12,3月23日
泽西岛,18,3月24日
直布罗陀,1,3月15日
直布罗陀,3,3月17日
直布罗陀,8,3月20日
直布罗陀,10,3月21日
直布罗陀,15,3月24日
直布罗陀,26,3月27日
中非共和国,1,3月15日
中非共和国,3,3月20日
中非共和国,4,3月24日
中非共和国,5,3月27日
巴哈马,1,3月16日
巴哈马,3,3月20日
巴哈马,4,3月21日
巴哈马,5,3月27日
贝宁,1,3月16日
贝宁,2,3月21日
贝宁,5,3月24日
布拉马尔女士号,5,3月16日
利比里亚,1,3月16日
利比里亚,2,3月17日
利比里亚,3,3月21日
索马里,1,3月16日
索马里,2,3月26日
索马里,3,3月27日
坦桑尼亚,1,3月16日
坦桑尼亚,3,3月18日
坦桑尼亚,6,3月19日
坦桑尼亚,12,3月22日
坦桑尼亚,13,3月26日
乌兹别克斯坦,6,3月16日
乌兹别克斯坦,8,3月17日
乌兹别克斯坦,16,3月18日
乌兹别克斯坦,23,3月19日
乌兹别克斯坦,33,3月20日
乌兹别克斯坦,37,3月21日
乌兹别克斯坦,43,3月22日
乌兹别克斯坦,50,3月24日
乌兹别克斯坦,55,3月25日
乌兹别克斯坦,65,3月26日
乌兹别克斯坦,83,3月27日
0,19,3月17日
格陵兰岛,1,3月17日
格陵兰岛,2,3月20日
格陵兰岛,4,3月24日
格陵兰岛,5,3月27日
列支敦士登,7,3月17日
列支敦士登,36,3月23日
列支敦士登,46,3月24日
列支敦士登,51,3月27日
美属维尔京群岛,2,3月17日
美属维尔京群岛,3,3月21日
美属维尔京群岛,6,3月23日
美属维尔京群岛,17,3月24日
圣卢西亚,2,3月17日
圣卢西亚,3,3月24日
阿鲁巴,2,3月18日
阿鲁巴,4,3月20日
阿鲁巴,5,3月21日
阿鲁巴,9,3月24日
阿鲁巴,12,3月26日
阿鲁巴,19,3月27日
巴巴多斯,2,3月18日
巴巴多斯,6,3月21日
巴巴多斯,17,3月24日
巴巴多斯,18,3月26日
冈比亚,1,3月18日
冈比亚,3,3月25日
关岛,3,3月18日
关岛,5,3月20日
关岛,12,3月21日
关岛,15,3月23日
关岛,29,3月24日
关岛,32,3月26日
关岛,37,3月27日
黑山,2,3月18日
黑山,10,3月20日
黑山,14,3月21日
黑山,27,3月24日
黑山,43,3月26日
黑山,52,3月27日
吉布提,1,3月18日
吉布提,3,3月24日
吉布提,11,3月25日
吉布提,12,3月27日
吉尔吉斯斯坦,3,3月18日
吉尔吉斯斯坦,6,3月20日
吉尔吉斯斯坦,12,3月21日
吉尔吉斯斯坦,16,3月23日
吉尔吉斯斯坦,42,3月26日
吉尔吉斯斯坦,44,3月27日
赞比亚,2,3月18日
赞比亚,3,3月22日
赞比亚,11,3月25日
赞比亚,16,3月26日
赞比亚,22,3月27日
?格鲁吉亚,2,3月19日
斐济,1,3月19日
斐济,2,3月23日
斐济,3,3月24日
斐济,4,3月26日
斐济,5,3月27日
尼加拉瓜,1,3月19日
尼加拉瓜,2,3月21日
萨尔瓦多,1,3月19日
萨尔瓦多,3,3月24日
萨尔瓦多,5,3月26日
萨尔瓦多,13,3月27日
佛得角,1,3月20日
佛得角,3,3月23日
佛得角,3,3月26日
红宝石公主号,3,3月20日
红宝石公主号,51,3月23日
红宝石公主号,133,3月24日
蒙特塞拉特,1,3月20日
蒙特塞拉特,2,3月27日
尼日尔,0,3月20日
尼日尔,1,3月21日
尼日尔,2,3月22日
尼日尔,7,3月25日
乍得,1,3月20日
乍得,3,3月25日
安哥拉,2,3月21日
安哥拉,3,3月24日
安哥拉,4,3月27日
百慕大,2,3月21日
百慕大,6,3月24日
海地,2,3月21日
海地,6,3月24日
海地,7,3月26日
海地,8,3月27日
荷属圣马丁,1,3月21日
荷属圣马丁,2,3月24日
津巴布韦,2,3月21日
津巴布韦,2,3月23日
津巴布韦,3,3月25日
马达加斯加,3,3月21日
马达加斯加,19,3月24日
马达加斯加,23,3月26日
马达加斯加,24,3月27日
新喀里多尼亚,2,3月21日
新喀里多尼亚,4,3月23日
新喀里多尼亚,8,3月24日
新喀里多尼亚,10,3月26日
新喀里多尼亚,14,3月27日
厄立特里亚,1,3月22日
厄立特里亚,4,3月26日
乌干达,1,3月22日
乌干达,9,3月24日
乌干达,14,3月25日
乌干达,18,3月27日
巴布亚新几内亚,1,3月23日
东帝汶,1,3月23日
马恩岛,2,3月23日
马恩岛,13,3月24日
马恩岛,23,3月26日
莫桑比克,1,3月23日
莫桑比克,5,3月25日
叙利亚,1,3月23日
叙利亚,4,3月25日
叙利亚,5,3月26日
伯利兹,1,3月24日
伯利兹,2,3月27日
多米尼克,1,3月24日
多米尼克,7,3月27日
格林纳达,1,3月24日
老挝,2,3月24日
老挝,3,3月25日
老挝,6,3月26日
缅甸,2,3月24日
缅甸,3,3月26日
特克斯和凯科斯群岛,1,3月24日
几内亚比绍,2,3月25日
利比亚,2,3月25日
马里,2,3月25日
马里,4,3月27日
圣基茨和尼维斯,2,3月27日
